price.EUR,price.USD,price.GBP,price.INR,price.CAD,price.AUD
,,,,,
380.0,,,,,
,,,,,
,,,,,
330.0,,,,,
110.0,,,,,
130.0,,,,,
350.0,,,,,
220.0,,,,,
200.0,,,,,
180.0,,,,,
190.0,,,,,
150.0,,,,,
240.0,,,,,
170.0,,,,,
150.0,,,,,
170.0,,,,,
280.0,,,,,
120.0,,,,,
280.0,,,,,
210.0,,,,,
210.0,,,,,
40.0,,,,,
300.0,,,,,
30.0,,,,,
40.0,,,,,
140.0,,,,,
190.0,,,,,
230.0,,,,,
350.0,,,,,
90.0,,,,,
40.0,,,,,
130.0,,,,,
130.0,,,,,
440.0,,,,,
120.0,,,,,
60.0,,,,,
350.0,,,,,
120.0,,,,,
470.0,,,,,
170.0,,,,,
,,,,,
40.0,,,,,
190.0,,,,,
280.0,,,,,
50.0,,,,,
370.0,,,,,
100.0,,,,,
200.0,,,,,
140.0,,,,,
340.0,,,,,
140.0,,,,,
350.0,,,,,
250.0,,,,,
300.0,,,,,
400.0,,,,,
,,,,,
250.0,,,,,
230.0,,,,,
230.0,,,,,
150.0,,,,,
340.0,,,,,
300.0,,,,,
170.0,,,,,
180.0,,,,,
350.0,,,,,
210.0,,,,,
440.0,,,,,
210.0,,,,,
320.0,,,,,
40.0,,,,,
90.0,,,,,
180.0,,,,,
130.0,,,,,
270.0,,,,,
,,,,,
,,,,,
,,,,,
,,,,,
,,,,,
160.0,,,,,
,,,,,
,,,,,
,,,,,
,,,,,
,,,,,
,,,,,
,,,,,
,,,,,
,,,,,
,,,,,
,,,,,
,,,,,
,,,,,
,,,,,
,,,,,
,,,,,
,,,,,
,,,,,
,,,,,
330.0,,,,,
,,,,,
270.0,,,,,
250.0,,,,,
130.0,,,,,
100.0,,,,,
330.0,,,,,
460.0,,,,,
,237.31,,,,
300.0,,,,,
420.0,,,,,
,,,,,
180.0,,,,,
110.0,,,,,
180.0,,,,,
270.0,,,,,
130.0,,,,,
240.0,,,,,
,,,,,
240.0,,,,,
320.0,,,,,
,,,,,
,,,,,
,,,,,
,,,,,
,,,,,
,,,,,
230.0,,,,,
,,,,,
,,,,,
,,,,,
419.99,275.19,369.99,,,
250.0,,,,,
,,,,,
230.0,,,,,
169.99,122.19,119.99,,,
299.99,219.99,269.0,,,
110.0,,,,,
500.0,,,,,
270.0,,,,,
300.0,,,,,
300.0,,,,,
,,,,,
170.0,,,,,
190.0,,,,,
270.0,,,,,
230.0,,,,,
370.0,,,,,
140.0,,,,,
60.0,,,,,
,,,,,
80.0,,,,,
70.0,,,,,
250.0,,,,,
170.0,,,,,
100.0,,,,,
80.0,,,,,
120.0,,,,,
130.0,,,,,
130.0,,,,,
150.0,,,,,
200.0,,,,,
340.0,,,,,
180.0,,,,,
380.0,,,,,
140.0,,,,,
220.0,,,,,
260.0,,,,,
120.0,,,,,
100.0,,,,,
350.0,,,,,
120.0,,,,,
260.0,,,,,
130.0,,,,,
180.0,,,,,
160.0,,,,,
180.0,,,,,
140.0,,,,,
170.0,,,,,
150.0,,,,,
120.0,,,,,
140.0,,,,,
150.0,,,,,
110.0,,,,,
160.0,,,,,
140.0,,,,,
190.0,,,,,
110.0,,,,,
110.0,,,,,
160.0,,,,,
240.0,,,,,
470.0,,,,,
350.0,,,,,
270.0,,,,,
280.0,,,,,
220.0,,,,,
200.0,,,,,
80.0,,,,,
80.0,,,,,
100.0,,,,,
280.0,,,,,
470.0,,,,,
150.0,,,,,
200.0,,,,,
170.0,,,,,
90.0,,,,,
280.0,,,,,
399.99,245.7,305.86,,,
120.0,,,,,
70.0,,,,,
130.0,,,,,
,,,,,
,,,,,
160.0,,,,,
499.99,387.99,420.33,,,
319.99,203.99,260.07,,,
320.0,,,,,
119.99,127.59,,,,
179.99,127.59,,,,
360.0,,,,,
190.0,,,,,
,,,,,
,,,,,
279.99,188.88,229.99,,,
,,,,,
220.0,,,,,
,,,,,
,,,,,
50.0,,,,,
,111.99,,,,
180.0,,,,,
,,,,,
,,,,,
270.0,,,,,
170.0,,,,,
270.0,,,,,
,,,,,
200.0,,,,,
40.0,,,,,
110.0,,,,,
220.0,,,,,
,,,,,
250.0,,,,,
200.0,,,,,
70.0,,,,,
240.0,,,,,
180.0,,,,,
150.0,,,,,
240.0,,,,,
500.0,,,,,
100.0,,,,,
80.0,,,,,
350.0,,,,,
130.0,,,,,
100.0,,,,,
110.0,,,,,
180.0,,,,,
240.0,,,,,
100.0,,,,,
190.0,,,,,
85.7,,69.99,,,
170.0,,,,,
250.0,,,,,
140.0,,,,,
200.0,,,,,
,,,,,
110.0,,,,,
,,,,,
,,,,,
,,,,,
,,,,,
156.89,,129.0,,,
,,,,,
110.0,,,,,
231.82,,163.88,,,
,,,,,
450.0,,,,,
,,,,,
230.0,,,,,
300.0,,,,,
,,,,,
,,,,,
,,,,,
,,,,,
,,,,,
,,,,,
,,,,,
,,,,,
,,,,,
,,,,,
,,,,,
,,,,,
,,,,,
,,,,,
,,,,,
,,,,,
70.0,,,,,
70.0,,,,,
,,,,,
130.0,,,,,
,,,,,
,,,,,
,,,,,
170.0,,,,,
,,,,,
110.0,,,,,
,,,,,
100.0,,,,,
,,,6404.0,,
,,,6999.0,,
,,,6999.0,,
,,,9999.0,,
,,,7699.0,,
,,,,,
,,,,,
110.0,,,,,
,,,6099.0,,
,,,,,
120.0,,,,,
210.0,,,,,
190.0,,,,,
150.0,,,,,
130.0,,,,,
120.0,,,,,
260.0,,,,,
480.0,,,,,
300.0,,,,,
140.0,,,,,
160.0,,,,,
,,,,,
220.0,,,,,
120.0,,,,,
100.0,,,,,
100.0,,,,,
250.0,,,,,
200.0,,,,,
240.0,,,,,
,,,,,
160.0,,,,,
170.0,,,,,
,,,,,
,,,,,
390.0,,,,,
230.0,,,,,
130.0,,,,,
110.0,,,,,
290.0,,,,,
160.0,,,,,
80.0,,,,,
220.0,,,,,
190.0,,,,,
,,,,,
,,,,,
,,,,,
,,,,,
,,,,,
,,,,,
289.99,178.19,,,,
,,,,,
196.0,146.43,177.11,,,
490.0,,,,,
149.99,107.99,159.99,,249.99,
,,,,,
,,,,,
139.99,101.99,149.99,,,
559.99,436.42,,,,
,,,,,
,,,,,
,,,,,
,,,,,
259.99,206.99,,,,
,,,,,
,,,,,
,,,,,
,,,,,
,,,,,
,,,,,
,,,,,
,,,,,
160.0,,,,,
,,,,,
,,,,,
,,,,,
,,,,,
,,,,,
599.99,352.9,,,,
,,,,,
200.0,,,,,
160.0,,,,,
280.0,,,,,
,,,,,
210.0,,,,,
130.0,,,,,
219.99,180.39,,,,
150.0,,,,,
170.0,,,,,
99.99,76.31,117.53,,,
40.0,,,,,
50.0,,,,,
,,,,,
96.99,80.99,109.81,,,
,,,,,
50.0,,,,,
290.0,,,,,
239.99,199.99,189.99,,,
79.99,79.99,,,,
,,,,,
90.0,,,,,
,131.39,,,,
,,,,,
,,,,,
229.99,169.99,,,,
,,,,,
,208.79,,,,
299.95,206.99,,,,
149.99,99.99,,,,
,499.99,,,,
,299.99,,,,
80.0,,,,,
100.0,,,,,
,,,,,
60.0,,,,,
90.0,,,,,
,,,,,
300.0,,,,,
,,,,,
,,,,,
90.0,,,,,
,,,,,
,,,,,
120.0,,,,,
60.0,,,,,
,,,,,
200.0,,,,,
150.0,,,,,
40.0,,,,,
20.0,,,,,
30.0,,,,,
30.0,,,,,
50.0,,,,,
30.0,,,,,
30.0,,,,,
20.0,,,,,
30.0,,,,,
30.0,,,,,
20.0,,,,,
30.0,,,,,
20.0,,,,,
30.0,,,,,
20.0,,,,,
20.0,,,,,
20.0,,,,,
40.0,,,,,
40.0,,,,,
40.0,,,,,
30.0,,,,,
30.0,,,,,
20.0,,,,,
60.0,,,,,
30.0,,,,,
40.0,,,,,
60.0,,,,,
30.0,,,,,
40.0,,,,,
40.0,,,,,
40.0,,,,,
50.0,,,,,
180.0,,,,,
40.0,,,,,
20.0,,,,,
30.0,,,,,
20.0,,,,,
50.0,,,,,
70.0,,,,,
10.0,,,,,
40.0,,,,,
50.0,,,,,
60.0,,,,,
50.0,,,,,
50.0,,,,,
30.0,,,,,
40.0,,,,,
100.0,,,,,
80.0,,,,,
270.0,,,,,
30.0,,,,,
60.0,,,,,
40.0,,,,,
70.0,,,,,
30.0,,,,,
30.0,,,,,
30.0,,,,,
60.0,,,,,
50.0,,,,,
120.0,,,,,
20.0,,,,,
40.0,,,,,
20.0,,,,,
40.0,,,,,
30.0,,,,,
70.0,,,,,
100.0,,,,,
90.0,,,,,
90.0,,,,,
70.0,,,,,
20.0,,,,,
20.0,,,,,
30.0,,,,,
20.0,,,,,
30.0,,,,,
60.0,,,,,
50.0,,,,,
30.0,,,,,
70.0,,,,,
20.0,,,,,
80.0,,,,,
70.0,,,,,
20.0,,,,,
40.0,,,,,
20.0,,,,,
30.0,,,,,
10.0,,,,,
50.0,,,,,
20.0,,,,,
190.0,,,,,
160.0,,,,,
170.0,,,,,
70.0,,,,,
90.0,,,,,
70.0,,,,,
90.0,,,,,
140.0,,,,,
150.0,,,,,
230.0,,,,,
50.0,,,,,
160.0,,,,,
90.0,,,,,
60.0,,,,,
70.0,,,,,
70.0,,,,,
120.0,,,,,
70.0,,,,,
100.0,,,,,
100.0,,,,,
130.0,,,,,
120.0,,,,,
90.0,,,,,
190.0,,,,,
,,,,,
10.0,,,,,
40.0,,,,,
30.0,,,,,
,,,,,
20.0,,,,,
20.0,,,,,
20.0,,,,,
20.0,,,,,
110.0,,,,,
180.0,,,,,
110.0,,,,,
230.0,,,,,
60.0,,,,,
230.0,,,,,
140.0,,,,,
100.0,,,,,
90.0,,,,,
60.0,,,,,
,,,,,
180.0,,,,,
240.0,,,,,
,,,,,
,,,,,
,,,,,
,,,,,
,,,,,
170.0,,,,,
,,,,,
,,,,,
,,,,,
,,,,,
,,,,,
,,,,,
,,,,,
,,,,,
,,,,,
,,,,,
,,,,,
,,,,,
,,,,,
90.0,,,,,
,,,,,
,,,,,
,,,,,
,,,,,
,,,,,
100.0,,,,,
,,,,,
180.0,,,,,
130.0,,,,,
,,,7000.0,,
,,,,,
,,,7000.0,,
120.0,,,,,
,,,,,
,,,,,
100.0,,,,,
,,,,,
60.0,,,,,
150.0,,,,,
170.0,,,,,
120.0,,,,,
100.0,,,,,
240.0,,,,,
170.0,,,,,
50.0,,,,,
40.0,,,,,
50.0,,,,,
190.0,,,,,
20.0,,,,,
50.0,,,,,
20.0,,,,,
10.0,,,,,
100.0,,,,,
110.0,,,,,
90.0,,,,,
90.0,,,,,
120.0,,,,,
60.0,,,,,
20.0,,,,,
120.0,,,,,
300.0,,,,,
90.0,,,,,
140.0,,,,,
170.0,,,,,
70.0,,,,,
80.0,,,,,
110.0,,,,,
70.0,,,,,
80.0,,,,,
170.0,,,,,
150.0,,,,,
80.0,,,,,
90.0,,,,,
240.0,,,,,
,,,,,
150.0,,,,,
100.0,,,,,
,,,,,
,,,,,
90.0,,,,,
80.0,,,,,
60.0,,,,,
,,,,,
130.0,,,,,
,,,,,
150.0,,,,,
,,,,,
,,,,,
,,,,,
,,,,,
,,,,,
,,,,,
,,,,,
,,,,,
,,,,,
60.0,,,,,
,,,,,
,,,,,
,,,,,
,,,,,
,,,,,
,,,,,
,,,,,
,,,,,
440.0,,,,,
250.0,,,,,
80.0,,,,,
110.0,,,,,
70.0,,,,,
120.0,,,,,
70.0,,,,,
200.0,,,,,
550.0,,,,,
290.0,,,,,
40.0,,,,,
130.0,,,,,
30.0,,,,,
110.0,,,,,
,,,,,
420.0,,,,,
40.0,,,,,
120.0,,,,,
160.0,,,,,
50.0,,,,,
190.0,,,,,
590.0,,,,,
480.0,,,,,
,,,,,
300.0,,,,,
370.0,,,,,
130.0,,,,,
230.0,,,,,
150.0,,,,,
150.0,,,,,
,,,,,
,,,,,
160.0,,,,,
,,,,,
,,,,,
,,,,,
,,,,,
,,,,,
,,,,,
,,,,,
,,,,,
,,,,,
,,,,,
,,,,,
,,,,,
,,,,,
,,,,,
,,,,,
,,,,,
,,,,,
,,,,,
,,,,,
,,,6700.0,,
150.0,,,,,
,,,15000.0,,
,,,7600.0,,
,,,,,
,,,,,
,,,,,
,,,,,
,,,,,
,,,,,
,,,,,
,,,,,
,,,10000.0,,
,,,,,
,,,,,
,,,,,
130.0,,,,,
,,,,,
,,,,,
,,,,,
,,,,,
150.0,,,,,
220.0,,,,,
,,,,,
120.0,,,,,
120.0,,,,,
,,,,,
80.0,,,,,
90.0,,,,,
,,,,,
50.0,,,,,
130.0,,,,,
70.0,,,,,
100.0,,,,,
120.0,,,,,
,,,,,
150.0,,,,,
200.0,,,,,
100.0,,,,,
210.0,,,,,
70.0,,,,,
170.0,,,,,
80.0,,,,,
110.0,,,,,
80.0,,,,,
110.0,,,,,
180.0,,,,,
140.0,,,,,
,,,,,
100.0,,,,,
210.0,,,,,
180.0,,,,,
320.0,,,,,
110.0,,,,,
,,,,,
100.0,,,,,
100.0,,,,,
180.0,,,,,
,,,9999.0,,
,,,9999.0,,
140.0,,,,,
250.0,,,,,
120.0,,,,,
140.0,,,,,
80.0,,,,,
70.0,,,,,
190.0,,,,,
110.0,,,,,
150.0,,,,,
290.0,,,,,
,,,,,
170.0,,,,,
230.0,,,,,
190.0,,,,,
,92.5,,,,
130.0,,,,,
,123.49,,11999.0,,
110.0,,,,,
130.0,,,,,
,420.0,,,,
130.0,,,,,
260.0,,,,,
,134.81,,,,
170.0,,,,,
,,,,,
,,,,,
,,,,,
300.0,,,,,
260.0,,,,,
220.0,,,,,
640.0,,,,,
170.0,,,,,
180.0,,,,,
400.0,,,,,
100.0,,,,,
330.0,,,,,
440.0,,,,,
200.0,,,,,
400.0,,,,,
280.0,,,,,
,,,,,
,,,,,
80.0,,,,,
,,,,,
140.0,,,,,
130.0,,,,,
240.0,,,,,
,,,,,
,,,,,
500.0,,,,,
369.99,220.79,299.99,,,
200.0,,,,,
300.0,,,,,
60.0,,,,,
699.99,439.99,619.99,,,
370.0,,,,,
600.0,,,,,
559.99,349.99,419.99,,,
200.0,,,,,
460.0,,,,,
59.99,371.99,,63500.0,,
,,,,,
599.99,329.99,469.99,59500.0,,
,,,,,
280.0,,,,,
249.99,146.99,219.99,,279.99,
110.0,,,,,
70.0,,,,,
387.24,269.99,399.99,56850.0,,
150.0,,,,,
90.0,,,,,
230.0,,,,,
130.0,,,,,
140.0,,,,,
110.0,,,,,
250.0,,,,,
120.0,,,,,
40.0,,,,,
,,,,,
90.0,,,,,
,,,,,
,,,,,
,,,,,
,,,,,
,,,,,
,,,,,
,,,,,
,,,,,
,,,,,
,,,,,
,,,,,
,,,,,
,,,,,
,,,,,
,,,,,
,,,,,
150.0,,,,,
60.0,,,,,
170.0,,,,,
,,,,,
90.0,,,,,
120.0,,,,,
150.0,,,,,
130.0,,,,,
170.0,,,,,
,,,,,
90.0,,,,,
,,,,,
80.0,,,,,
,,,,,
180.0,,,,,
,,,,,
,,,,,
,,,,,
,,,,,
110.0,,,,,
230.0,,,,,
100.0,,,,,
90.0,,,,,
70.0,,,,,
110.0,,,,,
130.0,,,,,
80.0,,,,,
130.0,,,,,
150.0,,,,,
130.0,,,,,
90.0,,,,,
160.0,,,,,
,,,,,
210.0,,,,,
100.0,,,,,
140.0,,,,,
280.0,,,,,
90.0,,,,,
80.0,,,,,
470.0,,,,,
70.0,,,,,
200.0,,,,,
100.0,,,,,
390.0,,,,,
170.0,,,,,
150.0,,,,,
60.0,,,,,
80.0,,,,,
270.0,,,,,
120.0,,,,,
90.0,,,,,
70.0,,,,,
160.0,,,,,
130.0,,,,,
100.0,,,,,
100.0,,,,,
60.0,,,,,
150.0,,,,,
150.0,,,,,
,,,,,
120.0,,,,,
,,,,,
200.0,,,,,
180.0,,,,,
,,,,,
,,,,,
180.0,,,,,
150.0,,,,,
120.0,,,,,
,,,,,
200.0,,,,,
500.0,,,,,
120.0,,,,,
220.0,,,,,
240.0,,,,,
190.0,,,,,
130.0,,,,,
,,,5019.0,,
250.0,,,,,
80.0,,,,,
90.0,,,,,
,,,,,
,,,,,
,,,,,
,,,,,
110.0,,,,,
,,,,,
,,,,,
,,,7399.0,,
280.0,,,,,
260.0,,,,,
,,,,,
,,,11614.0,,
180.0,,,,,
,,,21799.0,,
,,,,,
,,,9290.0,,
,,,,,
100.0,,,,,
100.0,,,,,
180.0,,,,,
100.0,,,,,
270.0,,,,,
240.0,,,,,
,,,8199.0,,
,,,6585.0,,
290.0,,,,,
150.0,,,,,
250.0,,,,,
220.0,,,,,
140.0,,,,,
360.0,,,,,
,,,21499.0,,
580.0,,,,,
70.0,,,,,
,,,,,
110.0,,,,,
,,,,,
,,,,,
,,,,,
,,,,,
100.0,,,,,
70.0,,,,,
,,,,,
50.0,,,,,
100.0,,,,,
,,,,,
,,,,,
80.0,,,,,
70.0,,,,,
60.0,,,,,
70.0,,,,,
80.0,,,,,
90.0,,,,,
360.0,,,,,
100.0,,,,,
60.0,,,,,
50.0,,,,,
,,,12000.0,,
140.0,,,,,
,,,7000.0,,
100.0,,,,,
,,,10000.0,,
,,,10000.0,,
,,,,,
,,,5000.0,,
50.0,,,,,
,,,4500.0,,
,,,10000.0,,
,,,19000.0,,
,,,12000.0,,
,,,14000.0,,
,,,2900.0,,
,,,7200.0,,
,,,5700.0,,
,,,8000.0,,
,,,7000.0,,
,,,8500.0,,
,,,4400.0,,
,,,9000.0,,
,,,10000.0,,
80.0,,,,,
130.0,,,,,
120.0,,,,,
,,,5400.0,,
90.0,,,,,
150.0,,,,,
100.0,,,,,
190.0,,,,,
240.0,,,,,
,,,,,
,,,,,
130.0,,,,,
,,,22610.0,,
,,,,,
109.79,,,,,
,,,,,
,,,,,
159.98,,,,,
137.25,,139.37,,,
,,,,,
,,,,,
410.0,,,,,
270.0,,,,,
130.0,,,,,
,,,,,
145.94,,,,,
,,,69999.0,,
,,,46663.0,,
231.99,,,13999.0,,
,,,15299.0,,
,,,,,
150.0,,,,,
,,,6899.0,,
114.94,,,6899.0,,
,,,,,
,,,15999.0,,
,,,,,
,,,,,
,,,,,
,,,,,
240.0,,,,,
459.98,,,19999.0,,
,,,39999.0,,
,,,,,
,,,22999.0,,
80.0,,,,,
150.0,,,,,
,,,15999.0,,
,,,,,
,,,,,
,,,,,
,,,,,
,,,,,
,,,,,
,,,9499.0,,
,,,13999.0,,
140.0,,,,,
,,,,,
,,,,,
,,,,,
,,,,,
290.0,,,,,
,,,,,
330.0,,,,,
140.0,,,,,
,,,,,
,,,,,
,,,,,
,,,,,
,,,,,
,,,,,
,,,,,
,,,,,
,,,,,
,,,,,
,,,,,
,,,,,
180.0,,,,,
10.0,,,,,
330.0,,,,,
50.0,,,,,
80.0,,,,,
,,,,,
40.0,,,,,
190.0,,,,,
360.0,,,,,
120.0,,,,,
450.0,,,,,
120.0,,,,,
40.0,,,,,
,,,,,
260.0,,,,,
10.0,,,,,
90.0,,,,,
160.0,,,,,
80.0,,,,,
330.0,,,,,
80.0,,,,,
70.0,,,,,
90.0,,,,,
90.0,,,,,
170.0,,,,,
70.0,,,,,
120.0,,,,,
170.0,,,,,
170.0,,,,,
200.0,,,,,
150.0,,,,,
200.0,,,,,
100.0,,,,,
280.0,,,,,
90.0,,,,,
280.0,,,,,
350.0,,,,,
70.0,,,,,
150.0,,,,,
350.0,,,,,
650.0,,,,,
70.0,,,,,
100.0,,,,,
1480.0,,,,,
230.0,,,,,
20.0,,,,,
130.0,,,,,
,,,,,
90.0,,,,,
,,,,,
,,,,,
,,,,,
,,,,,
,,,,,
,,,,,
,,,,,
,,,,,
80.0,,,,,
30.0,,,,,
900.0,,,,,
,,,,,
10.0,,,,,
300.0,,,,,
,,,,,
10.0,,,,,
40.0,,,,,
200.0,,,,,
10.0,,,,,
120.0,,,,,
20.0,,,,,
20.0,,,,,
80.0,,,,,
60.0,,,,,
40.0,,,,,
50.0,,,,,
500.0,,,,,
90.0,,,,,
10.0,,,,,
10.0,,,,,
20.0,,,,,
20.0,,,,,
30.0,,,,,
20.0,,,,,
310.0,,,,,
250.0,,,,,
140.0,,,,,
80.0,,,,,
60.0,,,,,
20.0,,,,,
70.0,,,,,
50.0,,,,,
,,,,,
,,,,,
,,,,,
,,,,,
,,,,,
,,,,,
,,,,,
330.0,,,,,
,,,,,
,,,,,
,,,,,
,,,,,
460.0,,,,,
,,,,,
,,,,,
,,,,,
,,,,,
,,,,,
,,,,,
,,,,,
,,,,,
,,,,,
,,,,,
,,,,,
,,,,,
,,,,,
,,,,,
,,,,,
,,,,,
,,,,,
160.0,,,,,
,,,,,
200.0,,,,,
,,,,,
,,,,,
,,,,,
,,,,,
,,,,,
,,,,,
,,,,,
,,,,,
,,,,,
,,,,,
,,,,,
,,,,,
,,,,,
,,,,,
,,,,,
,,,,,
,,,,,
,,,,,
,,,,,
,,,,,
,,,,,
,,,,,
,,,,,
,,,,,
,,,,,
,,,,,
,,,,,
,,,,,
,,,,,
,,,,,
,,,,,
,,,,,
240.0,,,,,
,,,,,
,,,,,
160.0,,,,,
,,,,,
,,,,,
,,,,,
,,,,,
,,,,,
,,,,,
,,,,,
,,,,,
,,,,,
,,,,,
210.0,,,,,
,,,,,
160.0,,,,,
100.0,,,,,
200.0,,,,,
,,,,,
,,,,,
,,,,,
220.0,,,,,
,,,,,
179.99,117.36,139.99,,,
,,,,,
,120.1,118.0,,,
,,,,,
,,,,,
160.0,,,,,
,,,,,
250.0,,,,,
440.0,,,,,
320.0,,,,,
460.0,,,,,
140.0,,,,,
340.0,,,,,
650.0,,,,,
330.0,,,,,
900.0,,,,,
450.0,,,,,
110.0,,,,,
440.0,,,,,
300.0,,,,,
440.0,,,,,
530.0,,,,,
230.0,,,,,
110.0,,,,,
200.0,,,,,
60.0,,,,,
,,,,,
,,,,,
530.0,,,,,
,,,,,
,,,,,
,,,,,
,,,,,
,,,,,
,,,,,
600.0,,,,,
,,,,,
210.0,,,,,
320.0,,,,,
470.0,,,,,
340.0,,,,,
300.0,,,,,
,,,,,
240.0,,,,,
330.0,,,,,
380.0,,,,,
450.0,,,,,
170.0,,,,,
110.0,,,,,
180.0,,,,,
250.0,,,,,
400.0,,,,,
350.0,,,,,
400.0,,,,,
300.0,,,,,
400.0,,,,,
400.0,,,,,
,,,,,
600.0,,,,,
750.0,,,,,
210.0,,,,,
600.0,,,,,
670.0,,,,,
250.0,,,,,
700.0,,,,,
400.0,,,,,
230.0,,,,,
130.0,,,,,
150.0,,,,,
180.0,,,,,
930.0,,,,,
1000.0,,,,,
700.0,,,,,
380.0,,,,,
420.0,,,,,
310.0,,,,,
170.0,,,,,
250.0,,,,,
50.0,,,,,
100.0,,,,,
278.86,349.5,194.11,16399.0,,
150.0,,,,,
520.9,590.0,498.24,31999.0,,
160.0,,,,,
500.0,,,,,
,,,,,
120.0,,,,,
150.0,,,,,
60.0,,,,,
120.0,,,,,
50.0,,,,,
1300.0,,,,,
360.0,,,,,
170.0,,,,,
180.0,,,,,
210.0,,,,,
130.0,,,,,
210.0,,,,,
120.0,,,,,
200.0,,,,,
200.0,,,,,
230.0,,,,,
270.0,,,,,
260.0,,,,,
330.0,,,,,
,,,,,
,,,,,
,,,,,
,,,,,
,,,,,
,,,,,
,,,,,
,,,,,
,,,,,
,,,,,
,,,,,
250.0,,,,,
130.0,,,,,
200.0,,,,,
120.0,,,,,
520.0,,,,,
100.0,,,,,
,,,,,
350.0,,,,,
610.0,,,,,
410.0,,,,,
,,,,,
,,,,,
,,,,,
110.0,,,,,
100.0,,,,,
,,,,,
110.0,,,,,
,,,,,
,,,,,
70.0,,,,,
,,,,,
470.0,,,,,
,,,,,
430.0,,,,,
300.0,,,,,
100.0,,,,,
440.0,,,,,
130.0,,,,,
,,,,,
,,,,,
,,,,,
,,,,,
,,,,,
130.0,,,,,
,,,,,
260.0,,,,,
300.0,,,,,
680.0,,,,,
250.0,,,,,
460.0,,,,,
640.0,,,,,
580.0,,,,,
270.0,,,,,
700.0,,,,,
200.0,,,,,
450.0,,,,,
120.0,,,,,
160.0,,,,,
280.0,,,,,
,,,9500.0,,
390.0,,,,,
200.0,,,,,
,,,9000.0,,
170.0,,,,,
450.0,,,,,
550.0,,,,,
360.0,,,,,
390.0,,,,,
450.0,,,,,
350.0,,,,,
250.0,,,,,
550.0,,,,,
390.0,,,,,
260.0,,,,,
140.0,,,,,
,,,8000.0,,
430.0,,,,,
250.0,,,,,
180.0,,,,,
180.0,,,,,
700.0,,,,,
600.0,,,,,
300.0,,,,,
200.0,,,,,
180.0,,,,,
500.0,,,,,
250.0,,,,,
280.0,,,,,
290.0,,,,,
120.0,,,,,
130.0,,,,,
250.0,,,,,
350.0,,,,,
200.0,,,,,
230.0,,,,,
,,,,,
170.0,,,,,
360.0,,,,,
960.0,,,,,
400.0,,,,,
210.0,,,,,
380.0,,,,,
260.0,,,,,
310.0,,,,,
530.0,,,,,
70.0,,,,,
160.0,,,,,
230.0,,,,,
160.0,,,,,
310.0,,,,,
250.0,,,,,
190.0,,,,,
230.0,,,,,
90.0,,,,,
410.0,,,,,
200.0,,,,,
500.0,,,,,
210.0,,,,,
640.0,,,,,
280.0,,,,,
220.0,,,,,
140.0,,,,,
190.0,,,,,
200.0,,,,,
70.0,,,,,
120.0,,,,,
130.0,,,,,
260.0,,,,,
730.0,,,,,
210.0,,,,,
130.0,,,,,
190.0,,,,,
350.0,,,,,
,,,,,
130.0,,,,,
330.0,,,,,
,,,,,
150.0,,,,,
,,,,,
,,,,,
,,,,,
,,,,,
,,,,,
,,,,,
,,,,,
,,,,,
,,,,,
,,,,,
,,,,,
,,,,,
,,,,,
,,,,,
,,,,,
,,,,,
,,,,,
,,,,,
,,,,,
,,,,,
,,,,,
,,,,,
,,,,,
,,,,,
,,,,,
,,,,,
,,,,,
,,,,,
,,,,,
,,,,,
,,,,,
,,,,,
,,,,,
,,,,,
,,,,,
,,,,,
,,,,,
,,,,,
,,,,,
,,,,,
,,,,,
,,,,,
,,,,,
,,,,,
,,,,,
420.0,,,,,
,,,,,
300.0,,,,,
270.0,,,,,
600.0,,,,,
630.0,,,,,
480.0,,,,,
,,,,,
310.0,,,,,
300.0,,,,,
280.0,,,,,
190.0,,,,,
400.0,,,,,
,69.3,,,,
280.0,,,,,
440.0,,,,,
440.0,,,,,
630.0,,,,,
350.0,,,,,
320.0,,,,,
160.0,,,,,
220.0,,,,,
250.0,,,,,
340.0,,,,,
240.0,,,,,
610.0,,,,,
490.0,,,,,
130.0,,,,,
150.0,,,,,
250.0,,,,,
150.0,,,,,
180.0,,,,,
410.0,,,,,
410.0,,,,,
280.0,,,,,
200.0,,,,,
290.0,,,,,
200.0,,,,,
270.0,,,,,
270.0,,,,,
150.0,,,,,
190.0,,,,,
110.0,,,,,
80.0,,,,,
,,,,,
110.0,,,,,
,,,,,
,,,,,
360.0,,,,,
,,,,,
760.0,,,,,
,,,,,
,,,,,
,,,,,
,,,,,
,,,,,
,,,,,
,,,,,
,,,,,
,,,,,
,,,,,
,,,,,
,,,,,
,,,,,
,,,,,
,,,,,
,,,,,
,,,,,
,,,,,
,,,,,
60.0,,,,,
,,,,,
,,,,,
,,,,,
,,,,,
,,,,,
,,,,,
,,,,,
,,,,,
,,,,,
,,,,,
,,,,,
,,,,,
,,,,,
120.0,,,,,
,,,,,
,,,,,
,,,,,
,,,,,
,,,,,
,,,,,
100.0,,,,,
,,,,,
,,,,,
,,,,,
,,,,,
200.0,,,,,
,,,,,
180.0,,,,,
280.0,,,,,
440.0,,,,,
120.0,,,,,
640.0,,,,,
130.0,,,,,
480.0,,,,,
800.0,,,,,
190.0,,,,,
190.0,,,,,
340.0,,,,,
390.0,,,,,
310.0,,,,,
160.0,,,,,
320.0,,,,,
170.0,,,,,
270.0,,,,,
220.0,,,,,
450.0,,,,,
200.0,,,,,
350.0,,,,,
,,,27999.0,,
170.0,,,,,
240.0,,,,,
320.0,,,,,
601.99,,,27999.0,,
120.0,,,,,
290.0,,,,,
132.05,,,26990.0,,
270.0,,,,,
240.0,,,,,
460.0,,,,,
230.0,,,,,
310.0,,,,,
650.0,,,,,
190.0,,,,,
260.0,,,,,
370.0,,,,,
240.0,,,,,
240.0,,,,,
660.0,,,,,
120.0,,,,,
120.0,,,,,
,,,,,
500.0,,,,,
500.0,,,,,
,,,,,
,,,,,
,,,,,
,,,,,
,,,,,
,,,,,
50.0,,,,,
,,,,,
,,,,,
,,,,,
,,,,,
,,,,,
20.0,,,,,
20.0,,,,,
40.0,,,,,
50.0,,,,,
30.0,,,,,
,,,,,
130.0,,,,,
,,,,,
140.0,,,,,
,,,,,
,,,,,
,,,,,
150.0,,,,,
,,,,,
,,,,,
,,,,,
,,,,,
,,,,,
,,,,,
,,,,,
,,,,,
,,,,,
,,,,,
,,,,,
30.0,,,,,
,,,,,
,,,,,
,,,,,
50.0,,,,,
40.0,,,,,
,,,,,
,,,,,
70.0,,,,,
,,,,,
,,,,,
,,,,,
720.0,,,,,
1040.0,,,,,
520.0,,,,,
,,,,,
,,,,,
110.0,,,,,
320.0,,,,,
180.0,,,,,
250.0,,,,,
300.0,,,,,
220.0,,,,,
240.0,,,,,
240.0,,,,,
320.0,,,,,
230.0,,,,,
190.0,,,,,
140.0,,,,,
240.0,,,,,
330.0,,,,,
350.0,,,,,
120.0,,,,,
140.0,,,,,
210.0,,,,,
481.58,,,,,
180.0,,,,,
380.0,,,,,
390.0,,,,,
300.0,,,,,
190.0,,,,,
430.0,,,,,
200.0,,,,,
150.0,,,,,
180.0,,,,,
560.0,,,,,
460.0,,,,,
250.0,,,,,
,,,18454.0,,
260.0,,,,,
,,,,,
180.0,,,,,
270.0,,,,,
630.0,,,,,
510.0,,,,,
150.0,,,,,
190.0,,,,,
180.0,,,,,
600.0,,,,,
,,,24999.0,,
,,,,,
,,,,,
,,,,,
140.0,,,,,
,,,,,
,,,,,
30.0,,,,,
,,,,,
,,,,,
,,,,,
,,,,,
,,,,,
,,,,,
,,,,,
50.0,,,,,
,,,,,
,,,,,
,,,,,
,,,,,
,,,,,
,,,,,
,,,,,
,,,,,
130.0,,,,,
100.0,,,,,
,,,,,
80.0,,,,,
,,,,,
,,,,,
80.0,,,,,
,,,,,
,,,,,
110.0,,,,,
,,,,,
220.0,,,,,
,,,,,
60.0,,,,,
,,,,,
,,,,,
110.0,,,,,
20.0,,,,,
60.0,,,,,
,,,,,
30.0,,,,,
,,,,,
,,,,,
20.0,,,,,
,,,,,
,,,,,
,,,,,
,,,,,
870.0,,,,,
400.0,,,,,
300.0,,,,,
300.0,,,,,
560.0,,,,,
150.0,,,,,
180.0,,,,,
850.0,,,,,
250.0,,,,,
190.0,,,,,
300.0,,,,,
300.0,,,,,
290.0,,,,,
,,,,,
480.0,,,,,
380.0,,,,,
,,,16777.0,,
200.0,,,,,
220.0,,,,,
180.0,,,,,
190.0,,,,,
870.0,,,,,
200.0,,,,,
300.0,,,,,
230.0,,,,,
150.0,,,,,
,,,22899.0,,
600.0,,,,,
370.0,,,,,
100.0,,,,,
250.0,,,,,
260.0,,,,,
180.0,,,,,
250.0,,,,,
,,,20899.0,,
350.0,,,,,
300.0,,,,,
250.0,,,,,
270.0,,,,,
120.0,,,,,
580.0,,,,,
200.0,,,,,
,,,,,
180.0,,,,,
1450.0,,,,,
,,,,,
,,,9380.0,,
200.0,,,,,
,,,,,
80.0,,,,,
180.0,,,,,
520.0,,,,,
,,,,,
100.0,,,,,
,,,,,
200.0,,,,,
,,,,,
,,,,,
190.0,,,,,
,,,,,
,,,,,
,,,,,
,,,,,
,,,,,
,,,,,
,,,,,
,,,,,
,,,,,
,,,,,
,,,,,
,,,,,
,,,,,
,,,,,
,,,,,
,,,,,
,,,,,
180.0,,,,,
,,,,,
,,,,,
,,,,,
,,,,,
,,,,,
,,,,,
,,,,,
,,,,,
,,,,,
,,,,,
,,,,,
60.0,,,,,
,,,,,
,,,,,
,,,,,
,,,,,
,,,,,
220.0,,,,,
250.0,,,,,
170.0,,,,,
330.0,,,,,
,,,,,
170.0,,,,,
210.0,,,,,
,,,,,
,,,,,
80.0,,,,,
,,,,,
,,,,,
,,,,,
230.0,,,,,
250.0,,,,,
90.0,,,,,
230.0,,,,,
,,,,,
,,,,,
,,,,,
,,,,,
,,,,,
,,,,,
,,,,,
230.0,,,,,
160.0,,,,,
180.0,,,,,
,,,,,
,,,,,
,,,,,
,,,,,
,,,,,
,,,,,
,,,,,
,,,,,
,,,,,
230.0,,,,,
,,,,,
,,,,,
340.0,,,,,
,,,,,
,,,,,
430.0,,,,,
380.0,,,,,
,,,,,
190.0,,,,,
,,,,,
360.0,,,,,
110.0,,,,,
430.0,,,,,
100.0,,,,,
100.0,,,,,
,,,,,
150.0,,,,,
340.0,,,,,
,,,,,
150.0,,,,,
200.0,,,,,
130.0,,,,,
,,,,,
270.0,,,,,
,,,,,
230.0,,,,,
110.0,,,,,
,,,,,
280.0,,,,,
150.0,,,,,
110.0,,,,,
,,,,,
,,,,,
,,,,,
310.0,,,,,
,,,,,
290.0,,,,,
230.0,,,,,
250.0,,,,,
,,,,,
200.0,,,,,
350.0,,,,,
70.0,,,,,
100.0,,,,,
,,,,,
,,,,,
130.0,,,,,
,,,,,
180.0,,,,,
60.0,,,,,
240.0,,,,,
250.0,,,,,
170.0,,,,,
120.0,,,,,
210.0,,,,,
200.0,,,,,
180.0,,,,,
,,,,,
,,,,,
330.0,,,,,
,,,,,
220.0,,,,,
100.0,,,,,
210.0,,,,,
70.0,,,,,
100.0,,,,,
80.0,,,,,
300.0,,,,,
,,,,,
200.0,,,,,
170.0,,,,,
280.0,,,,,
70.0,,,,,
350.0,,,,,
100.0,,,,,
110.0,,,,,
130.0,,,,,
100.0,,,,,
100.0,,,,,
130.0,,,,,
290.0,,,,,
100.0,,,,,
100.0,,,,,
300.0,,,,,
180.0,,,,,
50.0,,,,,
290.0,,,,,
130.0,,,,,
280.0,,,,,
300.0,,,,,
250.0,,,,,
290.0,,,,,
,,,,,
,,,,,
120.0,,,,,
170.0,,,,,
250.0,,,,,
110.0,,,,,
,,,,,
,,,,,
120.0,,,,,
130.0,,,,,
250.0,,,,,
50.0,,,,,
,,,,,
140.0,,,,,
50.0,,,,,
210.0,,,,,
60.0,,,,,
380.0,,,,,
150.0,,,,,
,,,,,
280.0,,,,,
,,,,,
250.0,,,,,
620.0,,,,,
50.0,,,,,
350.0,,,,,
150.0,,,,,
100.0,,,,,
140.0,,,,,
230.0,,,,,
220.0,,,,,
270.0,,,,,
110.0,,,,,
100.0,,,,,
100.0,,,,,
140.0,,,,,
100.0,,,,,
120.0,,,,,
170.0,,,,,
140.0,,,,,
370.0,,,,,
220.0,,,,,
,,,,,
50.0,,,,,
,,,,,
130.0,,,,,
360.0,,,,,
370.0,,,,,
130.0,,,,,
160.0,,,,,
70.0,,,,,
,,,,,
100.0,,,,,
70.0,,,,,
110.0,,,,,
380.0,,,,,
360.0,,,,,
1030.0,,,,,
1200.0,,,,,
130.0,,,,,
80.0,,,,,
800.0,,,,,
300.0,,,,,
,,,39999.0,,
160.0,,,,,
340.0,,,,,
280.0,,,,,
90.0,,,,,
,,,39999.0,,
400.0,,,,,
380.0,,,,,
250.0,,,,,
440.0,,,,,
130.0,,,,,
440.0,,,,,
270.0,,,,,
380.0,,,,,
180.0,,,,,
,163.65,,16990.0,,
200.0,,,,,
120.0,,,,,
220.0,,,,,
210.0,,,,,
,,,14988.0,,
330.0,,,,,
110.0,,,,,
1330.0,,,,,
210.0,,,,,
,,,12990.0,,
800.0,,,,,
340.0,,,,,
430.0,,,,,
220.0,,,,,
330.0,,,,,
180.0,,,,,
280.0,,,,,
240.0,,,,,
330.0,,,,,
400.0,,,,,
410.0,,,,,
,,,,,
360.0,,,,,
220.0,,,,,
200.0,,,,,
130.0,,,,,
190.0,,,,,
200.0,,,,,
510.0,,,,,
90.0,,,,,
160.0,,,,,
210.0,,,,,
,,,39007.0,,
240.0,,,,,
230.0,,,,,
110.0,,,,,
220.0,,,,,
70.0,,,,,
200.0,,,,,
220.0,,,,,
110.0,,,,,
200.0,,,,,
280.0,,,,,
350.0,,,,,
250.0,,,,,
190.0,,,,,
280.0,,,,,
160.0,,,,,
150.0,,,,,
150.0,,,,,
170.0,,,,,
130.0,,,,,
120.0,,,,,
80.0,,,,,
200.0,,,,,
450.0,,,,,
300.0,,,,,
300.0,,,,,
260.0,,,,,
180.0,,,,,
160.0,,,,,
200.0,,,,,
230.0,,,,,
120.0,,,,,
80.0,,,,,
110.0,,,,,
110.0,,,,,
200.0,,,,,
250.0,,,,,
70.0,,,,,
360.0,,,,,
100.0,,,,,
400.0,,,,,
80.0,,,,,
190.0,,,,,
,,,,,
140.0,,,,,
290.0,,,,,
,,,,,
200.0,,,,,
60.0,,,,,
90.0,,,,,
160.0,,,,,
200.0,,,,,
280.0,,,,,
30.0,,,,,
70.0,,,,,
,,,,,
80.0,,,,,
280.0,,,,,
120.0,,,,,
140.0,,,,,
190.0,,,,,
50.0,,,,,
20.0,,,,,
30.0,,,,,
50.0,,,,,
50.0,,,,,
40.0,,,,,
100.0,,,,,
80.0,,,,,
100.0,,,,,
280.0,,,,,
250.0,,,,,
60.0,,,,,
460.0,,,,,
90.0,,,,,
,,,,,
180.0,,,,,
130.0,,,,,
,,,,,
120.0,,,,,
80.0,,,,,
,,,,,
30.0,,,,,
40.0,,,,,
130.0,,,,,
,,,,,
60.0,,,,,
50.0,,,,,
80.0,,,,,
250.0,,,,,
,,,,,
80.0,,,,,
,,,,,
230.0,,,,,
300.0,,,,,
170.0,,,,,
,,,10999.0,,
484.56,,,25999.0,,
250.0,,,,,
230.0,,,,,
170.0,,,,,
,,,18999.0,,
200.0,,,,,
,,,9699.0,,
280.0,,,,,
250.0,,,,,
320.0,,,,,
180.0,,,,,
460.0,,,,,
650.0,,,,,
140.0,,,,,
,596.99,,49999.0,,
150.0,,,,,
80.0,,,,,
160.0,,,,,
210.0,,,,,
,584.79,,,,
270.0,,,,,
,759.99,,,,
410.0,,,,,
290.0,,,,,
300.0,,,,,
380.0,,,,,
480.0,,,,,
160.0,,,,,
220.0,,,,,
,,,14500.0,,
200.0,,,,,
,,,19999.0,,
696.99,,,29990.0,,
80.0,,,,,
,,,33999.0,,
220.0,,,,,
900.0,,,,,
380.0,,,,,
,,,16999.0,,
280.0,,,,,
,,,37500.0,,
360.0,,,,,
150.0,,,,,
280.0,,,,,
120.0,,,,,
,,,159999.0,,
300.0,,,,,
80.0,,,,,
200.0,,,,,
80.0,,,,,
150.0,,,,,
400.0,,,,,
400.0,,,,,
650.0,,,,,
450.0,,,,,
,,,,,
,,,,,
260.0,,,,,
900.0,,,,,
420.0,,,,,
40.0,,,,,
450.0,,,,,
470.0,,,,,
60.0,,,,,
60.0,,,,,
80.0,,,,,
500.0,,,,,
820.0,,,,,
130.0,,,,,
50.0,,,,,
550.0,,,,,
90.0,,,,,
160.0,,,,,
60.0,,,,,
90.0,,,,,
,,,,,
880.0,,,,,
490.0,,,,,
280.0,,,,,
50.0,,,,,
50.0,,,,,
310.0,,,,,
250.0,,,,,
600.0,,,,,
220.0,,,,,
20.0,,,,,
540.0,,,,,
140.0,,,,,
80.0,,,,,
370.0,,,,,
120.0,,,,,
130.0,,,,,
720.0,,,,,
440.0,,,,,
120.0,,,,,
,,,,,
100.0,,,,,
200.0,,,,,
250.0,,,,,
130.0,,,,,
130.0,,,,,
,,,,,
,,,,,
,,,,,
,,,,,
,,,,,
,,,,,
,,,,,
,,,,,
,,,,,
,,,,,
230.0,,,,,
20.0,,,,,
110.0,,,,,
,,,,,
130.0,,,,,
120.0,,,,,
110.0,,,,,
,,,,,
,,,,,
60.0,,,,,
120.0,,,,,
100.0,,,,,
,,,,,
80.0,,,,,
,,,,,
200.0,,,,,
220.0,,,,,
150.0,,,,,
,,,,,
80.0,,,,,
110.0,,,,,
130.0,,,,,
200.0,,,,,
140.0,,,,,
60.0,,,,,
,,,,,
80.0,,,,,
180.0,,,,,
200.0,,,,,
200.0,,,,,
150.0,,,,,
220.0,,,,,
120.0,,,,,
30.0,,,,,
70.0,,,,,
320.0,,,,,
180.0,,,,,
350.0,,,,,
40.0,,,,,
100.0,,,,,
80.0,,,,,
290.0,,,,,
390.0,,,,,
960.0,,,,,
400.0,,,,,
550.0,,,,,
,515.0,,,,
220.0,,,,,
160.0,,,,,
640.0,,,,,
500.0,,,,,
500.0,,,,,
,,,,,
200.0,,,,,
500.0,,,,,
600.0,,,,,
,,,,,
,,,,,
70.0,,,,,
90.0,,,,,
,,,,,
80.0,,,,,
60.0,,,,,
630.0,,,,,
310.0,,,,,
70.0,,,,,
110.0,,,,,
500.0,,,,,
130.0,,,,,
410.0,,,,,
,,,,,
90.0,,,,,
110.0,,,,,
,,899.0,,,
350.0,,,,,
800.0,,,,,
160.0,,,,,
780.0,,,,,
490.0,,,,,
180.0,,,,,
590.0,,,,,
239.0,,209.0,15689.0,,
160.0,,,,,
429.0,,397.99,28800.0,,
,,,13440.0,,
190.0,,,,,
160.0,,,,,
305.99,349.99,297.29,23423.0,499.99,
260.0,,,,,
250.0,,,,,
,,,,,
120.0,,,,,
,,,,,
230.0,,,,,
,,,24348.0,,
520.0,,,,,
140.0,,,,,
830.0,,,,,
100.0,,,,,
640.0,,,,,
200.0,,,,,
340.0,,,,,
230.0,,,,,
100.0,,,,,
320.0,,,,,
320.0,,,,,
420.0,,,,,
440.0,,,,,
,,,18499.0,,
130.0,,,,,
,,,,,
320.0,,,,,
,,,22999.0,,
380.0,,,,,
,,,11830.0,,
677.94,,,,,
60.0,,,,,
,,,10498.0,,
70.0,,,,,
,,,47999.0,,
270.0,,,,,
150.0,,,,,
230.0,,,,,
,,,19998.0,,
,,,7999.0,,
545.0,,,,,
230.0,,,,,
,,,24998.0,,
310.0,,,,,
280.0,,,,,
350.0,,,,,
250.0,,,,,
200.0,,,,,
100.0,,,,,
,,,,,
210.0,,,,,
70.0,,,,,
260.0,,,,,
120.0,,,,,
190.0,,,,,
100.0,,,,,
140.0,,,,,
,,,,,
70.0,,,,,
130.0,,,,,
170.0,,,,,
50.0,,,,,
160.0,,,,,
230.0,,,,,
100.0,,,,,
130.0,,,,,
180.0,,,,,
40.0,,,,,
150.0,,,,,
120.0,,,,,
70.0,,,,,
60.0,,,,,
,,,,,
,,,,,
,,,,,
,,,,,
80.0,,,,,
140.0,,,,,
80.0,,,,,
150.0,,,,,
170.0,,,,,
80.0,,,,,
80.0,,,,,
150.0,,,,,
170.0,,,,,
100.0,,,,,
80.0,,,,,
170.0,,,,,
80.0,,,,,
120.0,,,,,
100.0,,,,,
110.0,,,,,
330.0,,,,,
150.0,,,,,
130.0,,,,,
110.0,,,,,
60.0,,,,,
100.0,,,,,
130.0,,,,,
190.0,,,,,
140.0,,,,,
210.0,,,,,
400.0,,,,,
500.0,,,,,
360.0,,,,,
310.0,,,,,
340.0,,,,,
270.0,,,,,
400.0,,,,,
370.0,,,,,
130.0,,,,,
100.0,,,,,
310.0,,,,,
130.0,,,,,
210.0,,,,,
390.0,,,,,
200.0,,,,,
170.0,,,,,
180.0,,,,,
410.0,,,,,
300.0,,,,,
120.0,,,,,
130.0,,,,,
220.0,,,,,
120.0,,,,,
190.0,,,,,
270.0,,,,,
430.0,,,,,
550.0,,,,,
160.0,,,,,
190.0,,,,,
,,,,,
170.0,,,,,
240.0,,,,,
280.0,,,,,
130.0,,,,,
480.0,,,,,
150.0,,,,,
400.0,,,,,
410.0,,,,,
300.0,,,,,
140.0,,,,,
480.0,,,,,
150.0,,,,,
130.0,,,,,
200.0,,,,,
200.0,,,,,
110.0,,,,,
90.0,,,,,
,,,,,
100.0,,,,,
200.0,,,,,
420.0,,,,,
220.0,,,,,
340.0,,,,,
180.0,,,,,
250.0,,,,,
560.0,,,,,
530.0,,,,,
640.0,,,,,
190.0,,,,,
560.0,,,,,
340.0,,,,,
400.0,,,,,
610.0,,,,,
490.0,,,,,
820.0,,,,,
530.0,,,,,
400.0,,,,,
640.0,,,,,
330.0,,,,,
440.0,,,,,
,,,,,
,,,,,
210.0,,,,,
180.0,,,,,
,,,,,
250.0,,,,,
150.0,,,,,
350.0,,,,,
180.0,,,,,
250.0,,,,,
200.0,,,,,
210.0,,,,,
310.0,,,,,
270.0,,,,,
220.0,,,,,
350.0,,,,,
150.0,,,,,
,,,,,
250.0,,,,,
730.0,,,,,
290.0,,,,,
,,,,,
,,,,,
,,,,,
,,,,,
,,,,,
,,,,,
,,,,,
,,,,,
370.0,,,,,
,,,,,
300.0,,,,,
300.0,,,,,
290.0,,,,,
330.0,,,,,
300.0,,,,,
260.0,,,,,
330.0,,,,,
300.0,,,,,
220.0,,,,,
380.0,,,,,
370.0,,,,,
410.0,,,,,
440.0,,,,,
,,,,,
400.0,,,,,
350.0,,,,,
300.0,,,,,
400.0,,,,,
170.0,,,,,
280.0,,,,,
290.0,,,,,
,,,,,
430.0,,,,,
340.0,,,,,
450.0,,,,,
420.0,,,,,
150.0,,,,,
230.0,,,,,
430.0,,,,,
1000.0,,,,,
230.0,,,,,
260.0,,,,,
110.0,,,,,
100.0,,,,,
,,,,,
130.0,,,,,
400.0,,,,,
350.0,,,,,
230.0,,,,,
300.0,,,,,
210.0,,,,,
220.0,,,,,
130.0,,,,,
130.0,,,,,
200.0,,,,,
120.0,,,,,
250.0,,,,,
260.0,,,,,
250.0,,,,,
510.0,,,,,
320.0,,,,,
100.0,,,,,
220.0,,,,,
210.0,,,,,
200.0,,,,,
130.0,,,,,
400.0,,,,,
150.0,,,,,
130.0,,,,,
240.0,,,,,
210.0,,,,,
100.0,,,,,
160.0,,,,,
100.0,,,,,
240.0,,,,,
240.0,,,,,
200.0,,,,,
400.0,,,,,
90.0,,,,,
220.0,,,,,
80.0,,,,,
160.0,,,,,
280.0,,,,,
250.0,,,,,
140.0,,,,,
,,,,,
300.0,,,,,
,,,,,
280.0,,,,,
300.0,,,,,
,,,,,
,,,,,
180.0,,,,,
170.0,,,,,
160.0,,,,,
110.0,,,,,
,,,,,
160.0,,,,,
,,,,,
250.0,,,,,
100.0,,,,,
180.0,,,,,
150.0,,,,,
160.0,,,,,
150.0,,,,,
70.0,,,,,
150.0,,,,,
90.0,,,,,
110.0,,,,,
110.0,,,,,
170.0,,,,,
230.0,,,,,
300.0,,,,,
,,,,,
330.0,,,,,
130.0,,,,,
210.0,,,,,
280.0,,,,,
230.0,,,,,
230.0,,,,,
340.0,,,,,
280.0,,,,,
130.0,,,,,
190.0,,,,,
320.0,,,,,
300.0,,,,,
280.0,,,,,
370.0,,,,,
120.0,,,,,
180.0,,,,,
350.0,,,,,
150.0,,,,,
120.0,,,,,
210.0,,,,,
160.0,,,,,
270.0,,,,,
250.0,,,,,
250.0,,,,,
220.0,,,,,
100.0,,,,,
250.0,,,,,
350.0,,,,,
150.0,,,,,
200.0,,,,,
160.0,,,,,
320.0,,,,,
100.0,,,,,
80.0,,,,,
120.0,,,,,
,,,,,
500.0,,,,,
310.0,,,,,
200.0,,,,,
370.0,,,,,
,,,,,
1070.0,,,,,
1110.0,,,,,
500.0,,,,,
1400.0,,,,,
650.0,,,,,
670.0,,,,,
910.0,,,,,
1300.0,,,,,
680.0,,,,,
380.0,,,,,
,,899.0,,,
1030.0,,,,,
2000.0,,,,,
1270.0,,,,,
800.0,,,,,
375.13,,552.44,,999.0,
1500.0,,,,,
1100.0,,,,,
561.21,,634.82,,,
,697.0,846.0,,,
869.12,,,,,
558.9,888.0,850.2,,2099.0,
,689.0,1029.0,,,
585.99,658.0,649.99,,,
,624.18,,,,
1085.0,799.99,917.9,,,
300.0,,,,,
1199.99,1054.0,687.5,,,
749.0,699.99,817.99,,,
800.0,,,,,
300.0,,,,,
400.0,,,,,
300.0,,,,,
680.0,,,,,
700.0,,,,,
1300.0,,,,,
,,,,,
200.0,,,,,
540.0,,,,,
,,,,,
650.0,,,,,
,,,,,
460.0,,,,,
700.0,,,,,
120.0,,,,,
500.0,,,,,
90.0,,,,,
506.97,,522.0,,,
121.67,,,,,
210.0,,,,,
106.57,,111.99,,,
180.0,,,,,
200.0,,,,,
105.59,,118.15,,,
120.0,,,,,
710.0,,,,,
,,,,,
200.0,,,,,
1300.0,,,,,
,,649.0,,,
126.15,,,,,
499.99,,,,,
780.0,,,,,
,,584.99,,,
,,,,,
150.0,,,,,
200.0,,,,,
190.0,,,,,
740.0,,,,,
730.0,,,,,
500.0,,,,,
170.0,,,,,
749.0,749.0,659.0,,,
670.0,,,,,
117.99,,,,,
106.99,,,,,
2000.0,,,,,
340.0,,,,,
300.0,,,,,
200.0,,,,,
450.0,,,,,
280.0,,,,,
220.0,,,,,
130.0,,,,,
,,,,,
600.0,,,,,
120.0,,,,,
,,,,,
,,,,,
,,,,,
130.0,,,,,
120.0,,,,,
,,,,,
100.0,,,,,
150.0,,,,,
,,,9000.0,,
,,,7500.0,,
,,,6000.0,,
150.0,,,,,
460.0,,,,,
510.0,,,,,
270.0,,,,,
270.0,,,,,
140.0,,,,,
100.0,,,,,
200.0,,,,,
130.0,,,,,
130.0,,,,,
240.0,,,,,
290.0,,,,,
100.0,,,,,
100.0,,,,,
100.0,,,,,
80.0,,,,,
100.0,,,,,
150.0,,,,,
290.0,,,,,
320.0,,,,,
280.0,,,,,
250.0,,,,,
300.0,,,,,
,,,,,
160.0,,,,,
540.0,,,,,
370.0,,,,,
330.0,,,,,
430.0,,,,,
,,,,,
400.0,,,,,
550.0,,,,,
340.0,,,,,
,,,,,
270.0,,,,,
100.0,,,,,
160.0,,,,,
360.0,,,,,
70.0,,,,,
150.0,,,,,
130.0,,,,,
430.0,,,,,
220.0,,,,,
,,,,,
200.0,,,,,
250.0,,,,,
240.0,,,,,
140.0,,,,,
200.0,,,,,
230.0,,,,,
290.0,,,,,
550.0,,,,,
220.0,,,,,
260.0,,,,,
450.0,,,,,
570.0,,,,,
480.0,,,,,
150.0,,,,,
350.0,,,,,
200.0,,,,,
150.0,,,,,
260.0,,,,,
310.0,,,,,
180.0,,,,,
280.0,,,,,
500.0,,,,,
320.0,,,,,
450.0,,,,,
580.0,,,,,
280.0,,,,,
130.0,,,,,
270.0,,,,,
330.0,,,,,
200.0,,,,,
1350.0,,,,,
1950.0,,,,,
230.0,,,,,
,,,11000.0,,
250.0,,,,,
290.0,,,,,
460.0,,,,,
400.0,,,,,
600.0,,,,,
210.0,,,,,
270.0,,,,,
350.0,,,,,
270.0,,,,,
250.0,,,,,
330.0,,,,,
100.0,,,,,
,,,,,
320.0,,,,,
470.0,,,,,
200.0,,,,,
1020.0,,,,,
880.0,,,,,
270.0,,,,,
210.0,,,,,
330.0,,,,,
330.0,,,,,
340.0,,,,,
500.0,,,,,
260.0,,,,,
150.0,,,,,
170.0,,,,,
380.0,,,,,
280.0,,,,,
200.0,,,,,
150.0,,,,,
240.0,,,,,
200.0,,,,,
400.0,,,,,
440.0,,,,,
540.0,,,,,
160.0,,,,,
,,,18990.0,,
310.0,,,,,
300.0,,,,,
,,,8000.0,,
160.0,,,,,
430.0,,,,,
190.0,,,,,
430.0,,,,,
130.0,,,,,
290.0,,,,,
480.0,,,,,
440.0,,,,,
234.3,239.51,218.0,,,
440.0,,,,,
520.0,,,,,
240.0,,,,,
100.0,,,,,
560.0,,,,,
290.0,,,,,
240.0,,,,,
270.0,,,,,
240.0,,,,,
250.0,,,,,
200.0,,,,,
190.0,,,,,
1000.0,,,,,
120.0,,,,,
230.0,,,,,
330.0,,,,,
190.0,,,,,
390.0,,,,,
100.0,,,,,
200.0,,,,,
150.0,,,,,
270.0,,,,,
320.0,,,,,
130.0,,,,,
169.99,,116.0,9356.0,,
280.0,,,,,
370.0,,,,,
110.0,,,,,
,,,,,
250.0,,,,,
260.0,,,,,
240.0,,,,,
410.0,,,,,
160.0,,,,,
199.95,,269.0,,,
500.0,,,,,
310.0,,,,,
,405.0,,9990.0,,
130.0,,,,,
200.0,,,,,
370.0,,,,,
260.0,,,,,
260.0,,,,,
160.0,,,,,
300.0,,,,,
250.0,,,,,
250.0,,,,,
150.0,,,,,
230.0,,,,,
210.0,,,,,
140.0,,,,,
,,,24990.0,,
200.0,,,,,
290.0,,,,,
250.0,,,,,
200.0,,,,,
302.04,660.0,161.0,,,
130.0,,,,,
200.0,,,,,
100.0,,,,,
320.0,,,,,
170.0,,,,,
70.0,,,,,
100.0,,,,,
220.0,,,,,
170.0,,,,,
250.0,,,,,
140.0,,,,,
200.0,,,,,
250.0,,,,,
140.0,,,,,
120.0,,,,,
180.0,,,,,
180.0,,,,,
230.0,,,,,
100.0,,,,,
270.0,,,,,
680.0,,,,,
90.0,,,,,
40.0,,,,,
150.0,,,,,
170.0,,,,,
190.0,,,,,
360.0,,,,,
260.0,,,,,
150.0,,,,,
100.0,,,,,
400.0,,,,,
,539.0,,,,
350.0,,,,,
300.0,,,,,
60.0,,,,,
200.0,,,,,
290.0,,,,,
100.0,,,,,
500.0,,,,,
150.0,,,,,
190.0,,,,,
180.0,,,,,
110.0,,,,,
120.0,,,,,
,,,9490.0,,
330.0,,,,,
470.0,,,,,
94.99,,,6999.0,,
180.0,,,,,
160.0,,,,,
,,,11990.0,,
100.0,,,,,
190.0,,,,,
130.0,,,,,
160.0,,,,,
250.0,,,,,
130.0,,,,,
110.0,,,,,
310.0,,,,,
,,,8399.0,,
110.0,,,,,
60.0,,,,,
80.0,,,,,
230.0,,,,,
190.0,,,,,
190.0,,,,,
160.0,,,,,
220.0,,,,,
300.0,,,,,
90.0,,,,,
,,,12999.0,,
330.0,,,,,
174.73,94.24,138.2,18590.0,,
125.44,441.0,100.0,,,
,,,,,
170.0,,,,,
260.0,,,,,
,,,,,
179.78,410.0,189.0,,,
520.0,,,,,
330.0,,,,,
244.99,293.0,,28390.0,,
350.0,,,,,
150.0,,,,,
84.17,350.0,99.99,,,
170.0,,,,,
110.0,,,,,
230.0,,,,,
360.0,,,,,
230.0,,,,,
,,,,,
550.0,,,,,
220.0,,,,,
230.0,,,,,
310.0,,,,,
380.0,,,,,
400.0,,,,,
1070.0,,,,,
190.0,,,,,
140.0,,,,,
,,110.1,,,
220.0,,,,,
380.0,,,,,
169.99,179.99,119.89,,,
310.0,,,,,
154.99,315.0,156.43,12800.0,,
280.0,,,,,
,,,22850.0,,
350.0,,,,,
236.78,359.25,128.95,,,
120.0,,,,,
259.9,589.0,161.0,,,
214.99,495.0,199.25,,,
378.88,1070.0,225.0,,,
,,,13499.0,,
310.0,,,,,
130.0,,,,,
220.0,,,,,
290.0,,,,,
350.0,,,,,
239.99,188.56,189.99,25999.0,,
180.0,,,,,
320.0,,,,,
200.0,,,,,
170.0,,,,,
120.0,,,,,
190.0,,,,,
250.0,,,,,
220.0,,,,,
110.0,,,,,
250.0,,,,,
220.0,,,,,
310.0,,,,,
170.0,,,,,
400.0,,,,,
100.0,,,,,
550.0,,,,,
600.0,,,,,
330.0,,,,,
200.0,,,,,
210.0,,,,,
200.0,,,,,
190.0,,,,,
180.0,,,,,
200.0,,,,,
250.0,,,,,
470.0,,,,,
400.0,,,,,
120.0,,,,,
180.0,,,,,
230.0,,,,,
250.0,,,,,
130.0,,,,,
90.0,,,,,
240.0,,,,,
430.0,,,,,
180.0,,,,,
,,,,,
220.0,,,,,
500.0,,,,,
,,,,,
110.0,,,,,
120.0,,,,,
310.0,,,,,
160.0,,,,,
150.0,,,,,
410.0,,,,,
140.0,,,,,
200.0,,,,,
550.0,,,,,
369.99,220.8,318.14,,,
210.0,,,,,
260.0,,,,,
130.0,,,,,
112.26,,,14950.0,,
310.0,,,,,
,,,10999.0,,
210.0,,,,,
90.0,,,,,
170.0,,,,,
80.0,,,,,
60.0,,,,,
290.0,,,,,
230.0,,,,,
110.0,,,,,
310.0,,,,,
130.0,,,,,
,,,7399.0,,
380.0,,,,,
,,,7800.0,,
160.0,,,,,
,,,6999.0,,
210.0,,,,,
,249.99,,,,
190.0,,,,,
130.0,,,,,
,,,7449.0,,
,,,6998.0,,
200.0,,,,,
260.0,,,,,
90.0,,,,,
,,441.26,17499.0,,
90.0,,,,,
790.0,,,,,
290.0,,,,,
428.82,,426.27,,,
149.0,90.0,129.99,7499.0,,
530.0,,,,,
290.0,,,,,
149.99,179.99,208.0,10099.0,,
207.46,,189.31,17970.0,,
240.0,,,,,
180.0,,,,,
30.0,,,,,
350.0,,,,,
164.63,199.99,250.42,,,
330.0,,,,,
160.0,,,,,
300.0,,,,,
290.0,,,,,
350.0,,,,,
200.0,,,,,
360.0,,,,,
520.0,,,,,
420.0,,,,,
250.0,,,,,
270.0,,,,,
310.0,,,,,
156.41,,85.0,,,
200.0,,,,,
133.99,,110.0,,,
,,310.8,20000.0,,
220.0,,,,,
330.0,,,,,
350.0,,,,,
270.0,,,,,
,,,,,
180.0,,,,,
334.78,,189.0,16999.0,,
220.0,,,,,
210.0,,,,,
130.0,,,,,
129.99,182.27,100.19,8990.0,,
260.0,,,,,
600.0,,,,,
230.0,,,,,
180.0,,,,,
740.0,,,,,
470.0,,,,,
1100.0,,,,,
230.0,,,,,
150.0,,,,,
410.0,,,,,
760.0,,,,,
340.0,,,,,
699.99,,400.0,,,
820.0,,,,,
180.0,,,,,
270.0,,,,,
290.0,,,,,
270.0,,,,,
490.73,,,,,
180.0,,,,,
520.0,,,,,
1170.0,,,,,
670.0,,,,,
90.0,,,,,
330.0,,,,,
650.0,,,,,
220.0,,,,,
150.0,,,,,
160.0,,,,,
250.0,,,,,
360.0,,,,,
280.0,,,,,
250.0,,,,,
110.0,,,,,
220.0,,,,,
240.0,,,,,
,,,,,
60.0,,,,,
170.0,,,,,
,,,,,
,,,,,
230.0,,,,,
460.0,,,,,
180.0,,,,,
120.0,,,,,
170.0,,,,,
110.0,,,,,
310.0,,,,,
270.0,,,,,
240.0,,,,,
480.0,,,,,
200.0,,,,,
670.0,,,,,
172.13,369.5,,,,
200.0,,,,,
800.0,,,,,
1070.0,,,,,
330.0,,,,,
250.0,,,,,
240.0,,,,,
270.0,,,,,
190.0,,,,,
161.9,525.0,,,,
500.0,,,,,
320.0,,,,,
390.0,,,,,
210.0,,,,,
1400.0,,,,,
390.0,,,,,
520.0,,,,,
180.0,,,,,
71.65,,68.73,8999.0,,
479.99,655.0,,18950.0,,
180.0,,,,,
,169.98,90.26,6799.0,,
200.0,,,,,
330.0,,,,,
,279.0,,12450.0,,
270.0,,,,,
240.0,,,,,
270.0,,,,,
190.0,,,,,
250.0,,,,,
,,,10999.0,,
780.0,,,,,
50.0,,,,,
,,,6990.0,,
,,,6990.0,,
500.0,,,,,
40.0,,,,,
150.0,,,,,
150.0,,,,,
100.0,,,,,
180.0,,,,,
,,,6499.0,,
160.0,,,,,
,,,10498.0,,
,,,15999.0,,
,,,13499.0,,
150.0,,,,,
150.0,,,,,
237.99,361.0,,9000.0,,
340.0,,,,,
440.0,,,,,
110.0,,,,,
200.0,,,,,
120.0,,,,,
270.0,,,,,
260.0,,,,,
109.27,275.0,,7498.0,,
223.53,,170.04,17999.0,,
,,,12999.0,,
436.49,,,23799.0,,
270.0,,,,,
132.89,122.63,155.36,,,
600.0,,,,,
220.0,,,,,
,,,19999.0,,
900.0,,,,,
110.0,,,,,
1150.0,,,,,
,,339.99,,,
149.67,,144.99,,,
240.0,,,,,
180.0,,,,,
180.0,,,,,
230.0,,,,,
114.99,,,8039.0,,
200.0,,,,,
150.0,,,,,
144.57,370.0,98.49,,,
330.0,,,,,
520.0,,,,,
600.0,,,,,
240.0,,,,,
210.0,,,,,
,,,,,
190.0,,,,,
170.0,,,,,
150.0,,,,,
300.0,,,,,
170.0,,,,,
177.99,,,,,
210.98,620.0,274.31,,,
1500.0,,,,,
2940.0,,,,,
370.0,,,,,
370.0,,,,,
450.0,,,,,
350.0,,,,,
90.0,,,,,
400.0,,,,,
450.0,,,,,
420.0,,,,,
900.0,,,,,
139.9,189.99,139.99,,,
900.0,,,,,
150.0,,,,,
160.0,175.0,,,,
200.0,,,,,
229.9,245.0,127.04,,,
240.0,,,,,
599.99,759.0,599.5,,,
129.99,349.0,99.49,,,
440.0,,,,,
400.0,,,,,
290.0,,,,,
180.0,,,,,
520.0,,,,,
610.0,,,,,
292.49,385.0,259.0,25999.0,,
199.9,169.0,142.9,,,
450.0,,,,,
290.0,,,,,
260.0,,,,,
183.8,121.99,152.49,,219.99,
130.99,89.5,64.0,,,
150.39,107.99,97.0,,180.0,
179.98,142.37,104.0,,200.0,
219.99,149.95,124.0,,179.99,
181.99,114.0,91.0,,199.99,
194.32,199.08,159.99,,314.0,
,179.95,169.99,,359.94,
220.0,,,,,
212.68,153.99,155.3,,290.0,
670.0,,,,,
299.0,245.5,218.97,,,
296.25,209.99,226.69,,,
369.07,298.31,276.83,,623.44,
276.27,204.95,169.0,,,
1179.22,617.99,729.99,,3435.0,
204.36,,,,,
503.68,374.94,349.0,,,
422.74,332.0,305.0,,,
600.22,459.95,448.0,,,
386.2,,,,,
280.0,,,,,
960.96,1059.89,1099.0,,,
1017.53,1082.97,999.0,,1349.0,
229.0,,,13999.0,,
743.77,754.99,799.0,,,
1890.99,1799.0,1749.0,,,
380.0,,,,,
,,,12799.0,,
150.0,,,,,
430.0,,,,,
240.0,,,,,
160.0,,,,,
470.0,,,,,
,,118.3,,,
285.99,540.0,,23999.0,,
100.0,,,,,
409.0,534.98,370.72,25700.0,,
,,,14799.0,,
145.0,,126.74,11496.0,,
,,,17998.0,,
265.0,,452.73,17299.0,,
250.0,,,,,
,,,12298.0,,
300.0,,,,,
,,,14360.0,,
,162.05,,,,
,,,13498.0,,
270.0,,,,,
,,,18732.0,,
,,,10580.0,,
120.0,,,,,
,,,15998.0,,
550.0,,,,,
160.0,,,,,
200.0,,,,,
,,,10499.0,,
379.99,,322.1,31998.0,,
,,,,,
99.99,162.68,76.04,,,
60.0,,,,,
,,,7235.0,,
149.98,121.27,,,,
300.0,,,,,
,,,7199.0,,
,,,7498.0,,
170.0,,,,,
160.0,,,,,
80.0,,,,,
190.0,,,,,
,,,19565.0,,
,,,10578.0,,
,,,30999.0,,
,,,16998.0,,
250.0,,,,,
200.0,,,,,
,,,30999.0,,
150.0,,,,,
,,,,,
362.89,,,29999.0,,
305.46,428.36,235.99,,,
130.0,,,,,
240.0,,,,,
,,,,,
290.0,,,,,
1650.0,,,,,
,849.0,,64999.0,,
150.0,,,,,
125.0,,99.0,9999.0,,
220.0,,,,,
320.0,,,,,
450.0,,,,,
170.0,,,,,
,,,16599.0,,
520.0,,,,,
160.0,,,,,
770.0,,,,,
270.0,,,,,
,,,29399.0,,
240.0,,,,,
278.99,425.0,255.0,,,
260.0,,,,,
,372.72,255.0,,,
250.0,,,,,
,,,,,
440.0,,,,,
350.0,,,,,
170.0,,,,,
361.48,,,,,
200.0,,,,,
,,,,,
,,,22499.0,,
587.03,,509.99,,,
,539.0,,,,
150.0,,,,,
,,,,,
150.0,,,,,
150.0,,,,,
,,,,,
,,,13598.0,,
,,,8999.0,,
200.0,,,,,
210.0,,,,,
,,,20650.0,,
130.0,,,,,
180.0,,,,,
180.0,,,,,
250.0,,,,,
360.0,,,,,
150.0,,,,,
120.0,,,,,
300.0,,,,,
190.0,,,,,
770.0,,,,,
230.0,,,,,
1165.3,1148.5,997.36,,,
910.0,,,,,
140.0,,,,,
210.0,,,,,
,,,19998.0,,
440.0,,,,,
320.0,,,,,
190.0,,,,,
228.06,237.5,197.96,,,
,99.0,,,,
330.0,,,,,
241.93,177.9,,,,
260.0,,,,,
194.47,349.0,129.0,,,
570.0,,,,,
360.0,,,,,
120.0,,,,,
70.0,,,,,
900.0,,,,,
796.41,845.0,,,,
2700.0,,,,,
167.8,228.0,189.0,17998.0,,
149.95,315.0,121.06,,,
,,,,,
479.0,,441.75,26998.0,,
640.0,,,,,
,,,,,
619.99,,,44998.0,,
200.0,,,,,
,2390.0,,,,
200.0,,,,,
980.0,,,,,
180.0,,,,,
290.0,,,,,
600.0,,,,,
150.0,,,,,
1959.0,1459.0,1689.0,,,
150.0,,,,,
190.0,,,,,
199.9,,169.99,,,
,,,,,
167.58,148.89,250.0,,199.0,
,,,,,
,,,,,
,495.0,,,,
126.83,167.62,289.95,19999.0,424.42,
300.0,,,,,
270.0,,,,,
188.09,550.0,224.99,24599.0,949.0,
400.0,,,,,
440.0,,,,,
500.0,,,,,
410.0,,,,,
840.0,,,,,
430.0,,,,,
700.0,,,,,
400.0,,,,,
590.0,,,,,
250.0,,,,,
800.0,,,,,
1030.0,,,,,
800.0,,,,,
650.0,,,,,
740.0,,,,,
640.0,,,,,
,499.95,,,,
194.45,425.0,210.0,,1250.0,
159.99,199.99,123.0,,,
175.51,219.95,239.95,16998.0,799.0,
229.99,,279.75,16999.0,,
,419.99,,23399.0,,
259.0,185.0,186.0,16999.0,,
,81.0,167.27,,759.0,
143.0,129.9,123.0,17999.0,,
340.0,,,,,
360.0,,,,,
239.99,,149.0,13999.0,705.0,
155.89,199.99,149.0,16999.0,329.99,
406.94,239.95,336.03,28499.0,,
,,,21700.0,,
,165.09,,,,
280.0,,,,,
500.0,,,,,
259.99,349.99,214.99,20999.0,576.23,
60.0,,,,,
,149.99,,11990.0,,
,169.99,,,139.99,
230.0,,,,,
390.0,,,,,
500.0,,,,,
400.62,553.91,455.68,31599.0,,
310.0,,,,,
252.27,259.94,208.23,29499.0,377.99,
300.0,,,,,
380.0,,,,,
,211.99,,,,
331.36,,309.0,23999.0,,
,,,26499.0,,
205.34,235.0,169.0,14899.0,,
340.0,,,,,
230.0,,,,,
1931.88,1399.99,1599.0,99999.0,,
260.0,,,,,
842.14,649.99,749.0,52999.0,,
190.09,249.99,,,,
558.8,429.99,497.0,34999.0,,
,,,23499.0,,
230.0,,,,,
410.0,,,,,
550.0,,,,,
370.0,,,,,
,,,19998.0,,
238.0,,,19990.0,,
269.99,,237.0,,,
231.26,229.99,,14990.0,,
447.0,,429.0,29998.0,,
180.0,,,,,
100.0,,,,,
171.99,234.11,148.75,,,
570.0,,,,,
100.0,,,,,
90.0,,,,,
100.0,,,,,
250.0,,,,,
190.0,,,,,
150.0,,,,,
220.0,,,,,
200.0,,,,,
70.0,,,,,
60.0,,,,,
60.0,,,,,
40.0,,,,,
100.0,,,,,
120.0,,,,,
120.0,,,,,
180.0,,,,,
40.0,,,,,
50.0,,,,,
40.0,,,,,
100.0,,,,,
70.0,,,,,
,,,,,
,,,,,
30.0,,,,,
,,,,,
,,,,,
,,,,,
,,,,,
120.0,,,,,
,,,,,
70.0,,,,,
70.0,,,,,
,,,,,
,,,,,
,,,,,
,,,,,
,,,,,
,,,,,
,,,,,
,,,,,
,,,,,
,,,,,
,,,,,
,,,,,
,,,,,
,,,,,
,,,,,
,,,,,
,,,,,
,,,,,
,,,,,
,,,,,
,,,,,
,,,,,
,,,,,
,,,,,
,,,,,
,,,,,
,,,,,
,,,,,
,,,,,
,,,,,
,,,,,
,,,,,
,,,,,
,,,,,
,,,,,
,,,,,
,,,,,
,,,,,
,,,,,
,,,,,
,,,,,
,,,,,
,,,,,
,,,,,
,,,,,
,,,,,
,,,,,
,,,,,
,,,,,
,,,,,
,,,,,
,,,,,
,,,,,
,,,,,
,,,,,
,,,,,
,,,,,
,,,,,
,,,,,
,,,,,
,,,,,
,,,,,
,,,,,
,,,,,
,,,,,
,,,,,
,,,,,
,,,,,
,,,,,
,,,,,
,,,,,
,,,,,
,,,,,
,,,,,
,,,,,
,,,,,
,,,,,
,,,,,
,,,,,
,,,,,
,,,,,
,,,,,
,,,,,
,,,,,
,,,,,
,,,,,
,,,,,
,,,,,
,,,,,
,,,,,
,,,,,
,,,,,
,,,,,
,,,,,
,,,,,
,,,,,
,,,,,
50.0,,,,,
70.0,,,,,
50.0,,,,,
80.0,,,,,
,,,,,
,,,,,
,,,,,
90.0,,,,,
130.0,,,,,
70.0,,,,,
70.0,,,,,
110.0,,,,,
50.0,,,,,
190.0,,,,,
,,,,,
40.0,,,,,
110.0,,,,,
120.0,,,,,
50.0,,,,,
,,,,,
120.0,,,,,
110.0,,,,,
,,,,,
110.0,,,,,
160.0,,,,,
140.0,,,,,
130.0,,,,,
70.0,,,,,
110.0,,,,,
90.0,,,,,
60.0,,,,,
40.0,,,,,
100.0,,,,,
80.0,,,,,
90.0,,,,,
90.0,,,,,
70.0,,,,,
70.0,,,,,
70.0,,,,,
80.0,,,,,
60.0,,,,,
50.0,,,,,
80.0,,,,,
60.0,,,,,
50.0,,,,,
90.0,,,,,
70.0,,,,,
100.0,,,,,
100.0,,,,,
100.0,,,,,
40.0,,,,,
60.0,,,,,
60.0,,,,,
70.0,,,,,
20.0,,,,,
40.0,,,,,
,,,,,
60.0,,,,,
,,,,,
70.0,,,,,
50.0,,,,,
50.0,,,,,
90.0,,,,,
40.0,,,,,
,,,,,
,,,,,
,,,,,
,,,,,
,,,,,
,,,,,
,,,,,
,,,,,
,,,,,
,,,,,
,,,,,
,,,,,
,,,,,
,,,,,
,,,,,
,,,,,
,,,,,
,,,,,
,,,,,
,,,,,
,,,,,
,,,,,
,,,,,
,,,,,
,,,,,
,,,,,
,,,,,
,,,,,
,,,,,
,,,,,
,,,,,
,,,,,
,,,,,
,,,,,
,,,,,
,,,,,
,,,,,
,,,,,
,,,,,
,,,,,
,,,,,
,,,,,
,,,,,
,,,,,
,,,,,
,,,,,
,,,,,
,,,,,
,,,,,
,,,,,
,,,,,
,,,,,
,,,,,
,,,,,
,,,,,
,,,,,
,,,,,
,,,,,
,,,,,
,,,,,
,,,,,
,,,,,
,,,,,
,,,,,
,,,,,
,,,,,
,,,,,
,,,,,
,,,,,
,,,,,
,,,,,
,,,,,
,,,,,
,,,,,
,,,,,
,,,,,
,,,,,
,,,,,
,,,,,
,,,,,
,,,,,
,,,,,
,,,,,
,,,,,
,,,,,
,,,,,
,,,,,
,,,,,
,,,,,
,,,,,
,,,,,
,,,,,
,,,,,
,,,,,
,,,,,
,,,,,
,,,,,
,,,,,
,,,,,
,,,,,
,,,,,
,,,,,
,,,,,
,,,,,
,,,,,
,,,,,
,,,,,
,,,,,
,,,,,
,,,,,
,,,,,
,,,,,
,,,,,
,,,,,
,,,,,
100.0,,,,,
,,,,,
,,,,,
,,,,,
,,,,,
,,,,,
,,,,,
,,,,,
,,,,,
,,,,,
,,,,,
,,,,,
,,,,,
,,,,,
,,,,,
,,,,,
80.0,,,,,
70.0,,,,,
,,,,,
,,,,,
,,,,,
40.0,,,,,
40.0,,,,,
,,,,,
50.0,,,,,
,,,,,
,,,,,
,,,,,
,,,,,
,,,,,
90.0,,,,,
110.0,,,,,
100.0,,,,,
,,,,,
130.0,,,,,
,,,,,
,,,,,
,,,,,
,,,,,
130.0,,,,,
100.0,,,,,
100.0,,,,,
60.0,,,,,
160.0,,,,,
60.0,,,,,
50.0,,,,,
40.0,,,,,
70.0,,,,,
40.0,,,,,
50.0,,,,,
110.0,,,,,
100.0,,,,,
140.0,,,,,
140.0,,,,,
160.0,,,,,
90.0,,,,,
30.0,,,,,
40.0,,,,,
100.0,,,,,
50.0,,,,,
70.0,,,,,
70.0,,,,,
110.0,,,,,
80.0,,,,,
60.0,,,,,
60.0,,,,,
150.0,,,,,
80.0,,,,,
70.0,,,,,
70.0,,,,,
90.0,,,,,
100.0,,,,,
70.0,,,,,
70.0,,,,,
70.0,,,,,
100.0,,,,,
100.0,,,,,
70.0,,,,,
90.0,,,,,
110.0,,,,,
130.0,,,,,
60.0,,,,,
40.0,,,,,
70.0,,,,,
,,,,,
100.0,,,,,
70.0,,,,,
90.0,,,,,
60.0,,,,,
,,,,,
70.0,,,,,
20.0,,,,,
50.0,,,,,
50.0,,,,,
60.0,,,,,
80.0,,,,,
40.0,,,,,
,,,,,
130.0,,,,,
150.0,,,,,
110.0,,,,,
140.0,,,,,
60.0,,,,,
150.0,,,,,
140.0,,,,,
290.0,,,,,
70.0,,,,,
70.0,,,,,
60.0,,,,,
60.0,,,,,
30.0,,,,,
80.0,,,,,
30.0,,,,,
70.0,,,,,
50.0,,,,,
110.0,,,,,
140.0,,,,,
90.0,,,,,
110.0,,,,,
50.0,,,,,
80.0,,,,,
40.0,,,,,
120.0,,,,,
40.0,,,,,
50.0,,,,,
70.0,,,,,
50.0,,,,,
100.0,,,,,
130.0,,,,,
90.0,,,,,
100.0,,,,,
100.0,,,,,
90.0,,,,,
70.0,,,,,
,,,,,
60.0,,,,,
40.0,,,,,
70.0,,,,,
,,,,,
290.0,,,,,
100.0,,,,,
30.0,,,,,
90.0,,,,,
70.0,,,,,
90.0,,,,,
80.0,,,,,
80.0,,,,,
70.0,,,,,
60.0,,,,,
80.0,,,,,
70.0,,,,,
50.0,,,,,
90.0,,,,,
,,,,,
,,,,,
50.0,,,,,
110.0,,,,,
90.0,,,,,
,,,,,
70.0,,,,,
,,,,,
60.0,,,,,
30.0,,,,,
80.0,,,,,
80.0,,,,,
100.0,,,,,
50.0,,,,,
60.0,,,,,
120.0,,,,,
100.0,,,,,
70.0,,,,,
30.0,,,,,
80.0,,,,,
20.0,,,,,
150.0,,,,,
70.0,,,,,
70.0,,,,,
70.0,,,,,
30.0,,,,,
30.0,,,,,
30.0,,,,,
20.0,,,,,
30.0,,,,,
120.0,,,,,
30.0,,,,,
80.0,,,,,
60.0,,,,,
140.0,,,,,
120.0,,,,,
120.0,,,,,
100.0,,,,,
50.0,,,,,
110.0,,,,,
50.0,,,,,
60.0,,,,,
120.0,,,,,
150.0,,,,,
80.0,,,,,
60.0,,,,,
90.0,,,,,
40.0,,,,,
130.0,,,,,
150.0,,,,,
90.0,,,,,
530.0,,,,,
100.0,,,,,
50.0,,,,,
70.0,,,,,
130.0,,,,,
70.0,,,,,
50.0,,,,,
90.0,,,,,
150.0,,,,,
90.0,,,,,
70.0,,,,,
70.0,,,,,
60.0,,,,,
70.0,,,,,
180.0,,,,,
30.0,,,,,
,,,,,
,,,,,
,,,,,
30.0,,,,,
110.0,,,,,
,,,,,
110.0,,,,,
,,,,,
60.0,,,,,
,,,,,
,,,,,
70.0,,,,,
,,,,,
,,,,,
100.0,,,,,
70.0,,,,,
60.0,,,,,
40.0,,,,,
70.0,,,,,
60.0,,,,,
60.0,,,,,
60.0,,,,,
,,,,,
50.0,,,,,
50.0,,,,,
50.0,,,,,
60.0,,,,,
,,,,,
30.0,,,,,
40.0,,,,,
120.0,,,,,
100.0,,,,,
,,,,,
50.0,,,,,
110.0,,,,,
50.0,,,,,
60.0,,,,,
60.0,,,,,
80.0,,,,,
70.0,,,,,
,,,,,
,,,,,
70.0,,,,,
60.0,,,,,
,,,,,
,,,,,
70.0,,,,,
50.0,,,,,
70.0,,,,,
110.0,,,,,
40.0,,,,,
,,,,,
40.0,,,,,
80.0,,,,,
40.0,,,,,
80.0,,,,,
80.0,,,,,
130.0,,,,,
70.0,,,,,
150.0,,,,,
80.0,,,,,
110.0,,,,,
40.0,,,,,
40.0,,,,,
150.0,,,,,
50.0,,,,,
190.0,,,,,
70.0,,,,,
50.0,,,,,
80.0,,,,,
190.0,,,,,
230.0,,,,,
140.0,,,,,
90.0,,,,,
100.0,,,,,
210.0,,,,,
70.0,,,,,
80.0,,,,,
,,,,,
30.0,,,,,
70.0,,,,,
70.0,,,,,
70.0,,,,,
70.0,,,,,
60.0,,,,,
130.0,,,,,
120.0,,,,,
150.0,,,,,
,,,,,
60.0,,,,,
70.0,,,,,
70.0,,,,,
100.0,,,,,
150.0,,,,,
110.0,,,,,
130.0,,,,,
30.0,,,,,
20.0,,,,,
100.0,,,,,
140.0,,,,,
40.0,,,,,
60.0,,,,,
60.0,,,,,
150.0,,,,,
130.0,,,,,
70.0,,,,,
230.0,,,,,
230.0,,,,,
230.0,,,,,
150.0,,,,,
100.0,,,,,
70.0,,,,,
30.0,,,,,
30.0,,,,,
70.0,,,,,
40.0,,,,,
90.0,,,,,
200.0,,,,,
170.0,,,,,
250.0,,,,,
50.0,,,,,
190.0,,,,,
220.0,,,,,
80.0,,,,,
150.0,,,,,
230.0,,,,,
140.0,,,,,
,,,,,
,,,,,
,,,,,
180.0,,,,,
,,,,,
170.0,,,,,
110.0,,,,,
,,,,,
310.0,,,,,
290.0,,,,,
150.0,,,,,
150.0,,,,,
,,,,,
,,,,,
,,,,,
280.0,,,,,
,,,,,
,,,,,
,,,,,
,,,,,
,,,,,
,,,,,
420.0,,,,,
180.0,,,,,
,,,,,
130.0,,,,,
370.0,,,,,
350.0,,,,,
350.0,,,,,
230.0,,,,,
210.0,,,,,
210.0,,,,,
240.0,,,,,
660.0,,,,,
200.0,,,,,
220.0,,,,,
140.0,,,,,
210.0,,,,,
250.0,,,,,
330.0,,,,,
270.0,,,,,
210.0,,,,,
130.0,,,,,
170.0,,,,,
640.0,,,,,
130.0,,,,,
120.0,,,,,
,,,,,
200.0,,,,,
140.0,,,,,
130.0,,,,,
200.0,,,,,
,,,,,
150.0,,,,,
150.0,,,,,
120.0,,,,,
150.0,,,,,
90.0,,,,,
90.0,,,,,
120.0,,,,,
,,,,,
80.0,,,,,
100.0,,,,,
80.0,,,,,
90.0,,,,,
60.0,,,,,
80.0,,,,,
80.0,,,,,
80.0,,,,,
100.0,,,,,
90.0,,,,,
140.0,,,,,
120.0,,,,,
90.0,,,,,
120.0,,,,,
,,,,,
140.0,,,,,
90.0,,,,,
110.0,,,,,
150.0,,,,,
150.0,,,,,
120.0,,,,,
,,,,,
100.0,,,,,
150.0,,,,,
90.0,,,,,
90.0,,,,,
90.0,,,,,
120.0,,,,,
190.0,,,,,
130.0,,,,,
120.0,,,,,
230.0,,,,,
70.0,,,,,
120.0,,,,,
220.0,,,,,
120.0,,,,,
20.0,,,,,
110.0,,,,,
300.0,,,,,
80.0,,,,,
80.0,,,,,
90.0,,,,,
60.0,,,,,
70.0,,,,,
80.0,,,,,
80.0,,,,,
150.0,,,,,
140.0,,,,,
70.0,,,,,
110.0,,,,,
120.0,,,,,
80.0,,,,,
140.0,,,,,
120.0,,,,,
90.0,,,,,
110.0,,,,,
70.0,,,,,
60.0,,,,,
70.0,,,,,
80.0,,,,,
90.0,,,,,
220.0,,,,,
150.0,,,,,
170.0,,,,,
80.0,,,,,
210.0,,,,,
130.0,,,,,
110.0,,,,,
140.0,,,,,
150.0,,,,,
160.0,,,,,
130.0,,,,,
70.0,,,,,
240.0,,,,,
120.0,,,,,
210.0,,,,,
230.0,,,,,
120.0,,,,,
220.0,,,,,
100.0,,,,,
200.0,,,,,
70.0,,,,,
220.0,,,,,
150.0,,,,,
210.0,,,,,
140.0,,,,,
70.0,,,,,
130.0,,,,,
80.0,,,,,
140.0,,,,,
90.0,,,,,
170.0,,,,,
150.0,,,,,
170.0,,,,,
170.0,,,,,
180.0,,,,,
110.0,,,,,
100.0,,,,,
90.0,,,,,
80.0,,,,,
110.0,,,,,
150.0,,,,,
150.0,,,,,
210.0,,,,,
200.0,,,,,
200.0,,,,,
190.0,,,,,
170.0,,,,,
310.0,,,,,
310.0,,,,,
250.0,,,,,
310.0,,,,,
80.0,,,,,
150.0,,,,,
140.0,,,,,
230.0,,,,,
50.0,,,,,
120.0,,,,,
180.0,,,,,
230.0,,,,,
60.0,,,,,
210.0,,,,,
200.0,,,,,
270.0,,,,,
150.0,,,,,
180.0,,,,,
120.0,,,,,
100.0,,,,,
100.0,,,,,
100.0,,,,,
60.0,,,,,
80.0,,,,,
60.0,,,,,
80.0,,,,,
100.0,,,,,
100.0,,,,,
130.0,,,,,
190.0,,,,,
160.0,,,,,
220.0,,,,,
120.0,,,,,
120.0,,,,,
,,,,,
210.0,,,,,
90.0,,,,,
,,,,,
150.0,,,,,
70.0,,,,,
100.0,,,,,
140.0,,,,,
140.0,,,,,
200.0,,,,,
280.0,,,,,
140.0,,,,,
120.0,,,,,
160.0,,,,,
140.0,,,,,
230.0,,,,,
180.0,,,,,
70.0,,,,,
170.0,,,,,
140.0,,,,,
160.0,,,,,
200.0,,,,,
160.0,,,,,
160.0,,,,,
200.0,,,,,
130.0,,,,,
220.0,,,,,
180.0,,,,,
180.0,,,,,
200.0,,,,,
190.0,,,,,
,,,,,
170.0,,,,,
180.0,,,,,
220.0,,,,,
270.0,,,,,
120.0,,,,,
150.0,,,,,
160.0,,,,,
180.0,,,,,
150.0,,,,,
200.0,,,,,
110.0,,,,,
60.0,,,,,
70.0,,,,,
110.0,,,,,
80.0,,,,,
210.0,,,,,
70.0,,,,,
170.0,,,,,
110.0,,,,,
190.0,,,,,
180.0,,,,,
160.0,,,,,
120.0,,,,,
480.0,,,,,
250.0,,,,,
170.0,,,,,
,,,,,
180.0,,,,,
100.0,,,,,
170.0,,,,,
150.0,,,,,
,,,,,
40.0,,,,,
60.0,,,,,
90.0,,,,,
250.0,,,,,
140.0,,,,,
90.0,,,,,
180.0,,,,,
90.0,,,,,
120.0,,,,,
400.0,,,,,
220.0,,,,,
150.0,,,,,
200.0,,,,,
270.0,,,,,
150.0,,,,,
100.0,,,,,
110.0,,,,,
110.0,,,,,
270.0,,,,,
60.0,,,,,
260.0,,,,,
250.0,,,,,
,,,,,
300.0,,,,,
70.0,,,,,
270.0,,,,,
240.0,,,,,
80.0,,,,,
170.0,,,,,
60.0,,,,,
220.0,,,,,
90.0,,,,,
160.0,,,,,
230.0,,,,,
220.0,,,,,
220.0,,,,,
210.0,,,,,
230.0,,,,,
210.0,,,,,
210.0,,,,,
210.0,,,,,
120.0,,,,,
70.0,,,,,
120.0,,,,,
70.0,,,,,
260.0,,,,,
290.0,,,,,
220.0,,,,,
280.0,,,,,
100.0,,,,,
130.0,,,,,
160.0,,,,,
180.0,,,,,
60.0,,,,,
160.0,,,,,
110.0,,,,,
260.0,,,,,
260.0,,,,,
150.0,,,,,
130.0,,,,,
230.0,,,,,
150.0,,,,,
210.0,,,,,
100.0,,,,,
130.0,,,,,
210.0,,,,,
80.0,,,,,
210.0,,,,,
70.0,,,,,
210.0,,,,,
160.0,,,,,
230.0,,,,,
160.0,,,,,
210.0,,,,,
220.0,,,,,
150.0,,,,,
190.0,,,,,
200.0,,,,,
170.0,,,,,
220.0,,,,,
270.0,,,,,
290.0,,,,,
180.0,,,,,
280.0,,,,,
240.0,,,,,
330.0,,,,,
200.0,,,,,
150.0,,,,,
270.0,,,,,
200.0,,,,,
100.0,,,,,
300.0,,,,,
300.0,,,,,
290.0,,,,,
170.0,,,,,
,,,,,
,,,,,
240.0,,,,,
,,,,,
180.0,,,,,
160.0,,,,,
270.0,,,,,
240.0,,,,,
230.0,,,,,
220.0,,,,,
190.0,,,,,
200.0,,,,,
370.0,,,,,
250.0,,,,,
250.0,,,,,
250.0,,,,,
150.0,,,,,
140.0,,,,,
250.0,,,,,
250.0,,,,,
180.0,,,,,
100.0,,,,,
250.0,,,,,
160.0,,,,,
420.0,,,,,
280.0,,,,,
300.0,,,,,
250.0,,,,,
220.0,,,,,
160.0,,,,,
250.0,,,,,
250.0,,,,,
250.0,,,,,
260.0,,,,,
250.0,,,,,
180.0,,,,,
270.0,,,,,
230.0,,,,,
150.0,,,,,
250.0,,,,,
180.0,,,,,
220.0,,,,,
250.0,,,,,
130.0,,,,,
250.0,,,,,
140.0,,,,,
100.0,,,,,
240.0,,,,,
90.0,,,,,
320.0,,,,,
160.0,,,,,
200.0,,,,,
160.0,,,,,
420.0,,,,,
300.0,,,,,
210.0,,,,,
290.0,,,,,
240.0,,,,,
130.0,,,,,
300.0,,,,,
100.0,,,,,
170.0,,,,,
190.0,,,,,
300.0,,,,,
200.0,,,,,
240.0,,,,,
250.0,,,,,
170.0,,,,,
280.0,,,,,
260.0,,,,,
330.0,,,,,
280.0,,,,,
300.0,,,,,
130.0,,,,,
130.0,,,,,
150.0,,,,,
160.0,,,,,
270.0,,,,,
220.0,,,,,
250.0,,,,,
230.0,,,,,
260.0,,,,,
90.0,,,,,
,,,,,
310.0,,,,,
80.0,,,,,
360.0,,,,,
,,,,,
130.0,,,,,
170.0,,,,,
150.0,,,,,
180.0,,,,,
90.0,,,,,
290.0,,,,,
240.0,,,,,
160.0,,,,,
220.0,,,,,
220.0,,,,,
120.0,,,,,
150.0,,,,,
160.0,,,,,
220.0,,,,,
200.0,,,,,
130.0,,,,,
,,,,,
260.0,,,,,
150.0,,,,,
270.0,,,,,
300.0,,,,,
60.0,,,,,
300.0,,,,,
190.0,,,,,
300.0,,,,,
210.0,,,,,
330.0,,,,,
190.0,,,,,
50.0,,,,,
60.0,,,,,
190.0,,,,,
360.0,,,,,
100.0,,,,,
270.0,,,,,
100.0,,,,,
90.0,,,,,
240.0,,,,,
240.0,,,,,
190.0,,,,,
220.0,,,,,
130.0,,,,,
150.0,,,,,
100.0,,,,,
110.0,,,,,
240.0,,,,,
120.0,,,,,
90.0,,,,,
150.0,,,,,
230.0,,,,,
110.0,,,,,
150.0,,,,,
160.0,,,,,
320.0,,,,,
,,,,,
200.0,,,,,
120.0,,,,,
200.0,,,,,
280.0,,,,,
190.0,,,,,
150.0,,,,,
150.0,,,,,
170.0,,,,,
80.0,,,,,
70.0,,,,,
400.0,,,,,
250.0,,,,,
250.0,,,,,
300.0,,,,,
40.0,,,,,
160.0,,,,,
190.0,,,,,
350.0,,,,,
120.0,,,,,
200.0,,,,,
500.0,,,,,
160.0,,,,,
130.0,,,,,
200.0,,,,,
160.0,,,,,
270.0,,,,,
240.0,,,,,
140.0,,,,,
90.0,,,,,
540.0,,,,,
510.0,,,,,
,,,,,
,,,,,
,,,,,
,,,,,
,,,,,
180.0,,,,,
130.0,,,,,
,,,,,
330.0,,,,,
,59.87,,,,
,,,,,
,,,,,
,,,,,
170.0,,,,,
,,,,,
,,,,,
120.0,,,,,
190.0,,,,,
30.0,,,,,
370.0,,,,,
30.0,,,,,
40.0,,,,,
60.0,,,,,
40.0,,,,,
160.0,,,,,
90.0,,,,,
140.0,,,,,
40.0,,,,,
290.0,,,,,
190.0,,,,,
280.0,,,,,
140.0,,,,,
70.0,,,,,
180.0,,,,,
230.0,,,,,
90.0,,,,,
150.0,,,,,
110.0,,,,,
150.0,,,,,
140.0,,,,,
150.0,,,,,
230.0,,,,,
360.0,,,,,
180.0,,,,,
190.0,,,,,
220.0,,,,,
,,,,,
300.0,,,,,
250.0,,,,,
70.0,,,,,
250.0,,,,,
70.0,,,,,
100.0,,,,,
250.0,,,,,
130.0,,,,,
270.0,,,,,
90.0,,,,,
50.0,,,,,
120.0,,,,,
140.0,,,,,
120.0,,,,,
90.0,,,,,
320.0,,,,,
220.0,,,,,
250.0,,,,,
180.0,,,,,
300.0,,,,,
280.0,,,,,
110.0,,,,,
150.0,,,,,
160.0,,,,,
100.0,,,,,
150.0,,,,,
130.0,,,,,
300.0,,,,,
90.0,,,,,
250.0,,,,,
190.0,,,,,
270.0,,,,,
250.0,,,,,
270.0,,,,,
120.0,,,,,
190.0,,,,,
270.0,,,,,
240.0,,,,,
,,,,,
100.0,,,,,
170.0,,,,,
170.0,,,,,
110.0,,,,,
190.0,,,,,
120.0,,,,,
130.0,,,,,
300.0,,,,,
210.0,,,,,
100.0,,,,,
350.0,,,,,
180.0,,,,,
150.0,,,,,
120.0,,,,,
230.0,,,,,
160.0,,,,,
240.0,,,,,
670.0,,,,,
320.0,,,,,
250.0,,,,,
170.0,,,,,
90.0,,,,,
300.0,,,,,
100.0,,,,,
130.0,,,,,
260.0,,,,,
430.0,,,,,
90.0,,,,,
350.0,,,,,
420.0,,,,,
470.0,,,,,
300.0,,,,,
260.0,,,,,
110.0,,,,,
,84.74,,,,
485.49,334.0,,,3255.0,
,64.95,,,119.98,
,105.0,,,,
,64.94,,,,
,68.0,,,,
170.0,,,,,
120.0,,,,,
140.0,,,,,
140.0,,,,,
120.0,,,,,
210.0,,,,,
190.0,,,,,
180.0,,,,,
160.0,,,,,
280.0,,,,,
250.0,,,,,
,84.98,,,150.0,
250.0,,,,,
160.0,,,,,
,170.0,105.0,,,
200.0,,,,,
250.0,,,,,
147.49,375.0,154.0,,739.0,
,359.95,410.0,,,
280.0,,,,,
130.0,,,,,
230.0,,,,,
,153.5,,,,
70.0,,,,,
86.9,109.99,64.99,,,
170.0,,,,,
190.0,,,,,
150.0,,,,,
150.0,,,,,
130.0,,,,,
110.0,,,,,
190.0,,,,,
420.0,,,,,
220.0,,,,,
80.0,,,,,
480.0,,,,,
270.0,,,,,
220.0,,,,,
140.0,,,,,
130.0,,,,,
170.0,,,,,
250.0,,,,,
260.0,,,,,
200.0,,,,,
120.0,,,,,
80.0,,,,,
140.0,,,,,
100.0,,,,,
70.0,,,,,
190.0,,,,,
120.0,,,,,
90.0,,,,,
110.0,,,,,
150.0,,,,,
150.0,,,,,
180.0,,,,,
430.0,,,,,
50.0,,,,,
160.0,,,,,
270.0,,,,,
150.0,,,,,
230.0,,,,,
300.0,,,,,
120.0,,,,,
150.0,,,,,
260.0,,,,,
170.0,,,,,
210.0,,,,,
410.0,,,,,
160.0,,,,,
160.0,,,,,
70.0,,,,,
80.0,,,,,
160.0,,,,,
100.0,,,,,
550.0,,,,,
430.0,,,,,
,59.94,,,127.99,
121.77,198.0,109.99,,,
150.0,,,,,
290.0,,,,,
280.0,,,,,
,59.98,,,,
116.05,189.0,89.99,,291.11,
98.82,160.99,,,,
125.83,390.0,399.0,,,
380.0,,,,,
420.0,,,,,
850.0,,,,,
,99.95,,,199.99,
126.19,410.0,,,,
495.03,229.99,,,,
,147.99,,,,
198.78,495.0,,,,
150.0,,,,,
,84.95,,,,
240.0,,,,,
80.0,,,,,
162.72,99.5,,12899.0,,
118.99,345.0,234.61,,,
220.0,,,,,
135.0,335.0,,,,
550.0,,,,,
330.0,,,,,
160.39,268.0,89.95,,,
128.78,,68.29,7990.0,,
110.0,,,,,
200.0,,,,,
669.99,940.0,749.0,,,
,99.99,,,,
90.0,,,,,
169.09,410.0,358.5,,,
92.04,265.0,,,,
215.76,264.95,289.0,21599.0,759.0,
130.0,,,,,
732.0,990.0,895.0,,,
171.06,179.99,149.99,,,
,53.74,,,108.89,
528.74,775.0,628.9,,,
85.99,60.0,,,,
199.5,295.0,109.0,,,
330.0,,,,,
540.0,,,,,
139.99,160.0,115.99,,,
113.99,95.0,111.99,,,
450.0,,,,,
100.0,,,,,
100.0,,,,,
240.0,,,,,
90.0,,,,,
110.0,,,,,
150.0,,,,,
120.0,,,,,
190.0,,,,,
180.0,,,,,
300.0,,,,,
150.0,,,,,
110.0,,,,,
60.0,,,,,
280.0,,,,,
280.0,,,,,
150.0,,,,,
50.0,,,,,
70.0,,,,,
70.0,,,,,
320.0,,,,,
150.0,,,,,
110.0,,,,,
160.0,,,,,
180.0,,,,,
380.0,,,,,
250.0,,,,,
270.0,,,,,
60.0,,,,,
160.0,,,,,
110.0,,,,,
380.0,,,,,
210.0,,,,,
190.0,,,,,
300.0,,,,,
110.0,,,,,
320.0,,,,,
260.0,,,,,
180.0,,,,,
190.0,,,,,
120.0,,,,,
140.0,,,,,
280.0,,,,,
120.0,,,,,
80.0,,,,,
90.0,,,,,
70.0,,,,,
350.0,,,,,
350.0,,,,,
220.0,,,,,
130.0,,,,,
300.0,,,,,
240.0,,,,,
220.0,,,,,
200.0,,,,,
180.0,,,,,
,,,,,
190.0,,,,,
250.0,,,,,
160.0,,,,,
90.0,,,,,
120.0,,,,,
130.0,,,,,
100.0,,,,,
100.0,,,,,
90.0,,,,,
160.0,,,,,
170.0,,,,,
150.0,,,,,
170.0,,,,,
180.0,,,,,
250.0,,,,,
200.0,,,,,
300.0,,,,,
240.0,,,,,
200.0,,,,,
500.0,,,,,
110.0,,,,,
140.0,,,,,
150.0,,,,,
70.0,,,,,
200.0,,,,,
160.0,,,,,
180.0,,,,,
100.0,,,,,
300.0,,,,,
150.0,,,,,
350.0,,,,,
300.0,,,,,
370.0,,,,,
140.0,,,,,
250.0,,,,,
350.0,,,,,
200.0,,,,,
70.0,,,,,
80.0,,,,,
260.0,,,,,
330.0,,,,,
350.0,,,,,
300.0,,,,,
200.0,,,,,
340.0,,,,,
320.0,,,,,
260.0,,,,,
380.0,,,,,
300.0,,,,,
260.0,,,,,
240.0,,,,,
260.0,,,,,
190.0,,,,,
180.0,,,,,
300.0,,,,,
160.0,,,,,
80.0,,,,,
180.0,,,,,
250.0,,,,,
200.0,,,,,
370.0,,,,,
320.0,,,,,
320.0,,,,,
330.0,,,,,
360.0,,,,,
300.0,,,,,
130.0,,,,,
180.0,,,,,
340.0,,,,,
,,,,,
190.0,,,,,
110.0,,,,,
,,,,,
300.0,,,,,
300.0,,,,,
480.0,,,,,
300.0,,,,,
240.0,,,,,
310.0,,,,,
270.0,,,,,
130.0,,,,,
240.0,,,,,
170.0,,,,,
300.0,,,,,
190.0,,,,,
210.0,,,,,
300.0,,,,,
200.0,,,,,
250.0,,,,,
70.0,,,,,
200.0,,,,,
70.0,,,,,
250.0,,,,,
150.0,,,,,
,79.95,,,,
,99.88,,,169.99,
,434.94,,,,
580.43,,1293.66,,,
200.0,,,,,
,168.0,,,,
336.01,359.99,253.92,,,
442.12,312.99,424.0,35990.0,,
583.09,309.95,484.0,44249.0,,
209.99,,,14999.0,,
228.0,219.99,169.0,,439.73,
140.19,129.99,139.0,,,
84.3,99.0,68.49,,141.99,
,184.12,,,,
286.99,489.99,244.38,21999.0,,
,109.99,,,,
116.49,,,,,
86.89,97.72,71.58,,,
108.47,,,,,
60.0,,,,,
127.24,129.0,,,,
,129.31,,,,
92.06,,135.4,,,
,174.99,,,,
,,,13990.0,,
504.47,699.0,489.99,32348.0,,
510.0,,,,,
,,,,,
349.0,450.0,218.15,24999.0,,
,581.99,,,,
,212.31,,,,
826.04,,782.67,51891.0,,
73.99,,69.99,,,
,651.83,,,,
253.1,266.56,233.53,,,
849.0,,551.42,64998.0,,
310.0,,,,,
,789.97,,,,
120.0,,,,,
999.0,,804.18,89999.0,,
230.0,,,,,
,,,,,
500.0,,,,,
460.86,,399.99,25817.0,,
280.0,,,,,
250.0,,,,,
249.0,,199.99,,,
179.0,,,,,
200.0,,,,,
300.0,,,,,
170.0,,,,,
50.0,,,,,
180.0,,,,,
170.0,,,,,
200.0,,,,,
250.0,,,,,
240.0,,,,,
80.0,,,,,
70.0,,,,,
130.0,,,,,
110.0,,,,,
450.0,,,,,
170.0,,,,,
170.0,,,,,
180.0,,,,,
200.0,,,,,
270.0,,,,,
170.0,,,,,
180.0,,,,,
200.0,,,,,
230.0,,,,,
80.0,,,,,
150.0,,,,,
100.0,,,,,
130.0,,,,,
150.0,,,,,
110.0,,,,,
120.0,,,,,
200.0,,,,,
130.0,,,,,
150.0,,,,,
150.0,,,,,
300.0,,,,,
220.0,,,,,
400.0,,,,,
200.0,,,,,
200.0,,,,,
190.0,,,,,
430.0,,,,,
250.0,,,,,
160.0,,,,,
400.0,,,,,
250.0,,,,,
100.0,,,,,
140.0,,,,,
160.0,,,,,
150.0,,,,,
260.0,,,,,
150.0,,,,,
220.0,,,,,
170.0,,,,,
150.0,,,,,
200.0,,,,,
230.0,,,,,
250.0,,,,,
200.0,,,,,
300.0,,,,,
450.0,,,,,
210.0,,,,,
300.0,,,,,
170.0,,,,,
450.0,,,,,
230.0,,,,,
130.0,,,,,
200.0,,,,,
280.0,,,,,
150.0,,,,,
660.0,,,,,
180.0,,,,,
220.0,,,,,
120.0,,,,,
120.0,,,,,
,,,,,
90.0,,,,,
100.0,,,,,
80.0,,,,,
250.0,,,,,
130.0,,,,,
160.0,,,,,
350.0,,,,,
460.0,,,,,
130.0,,,,,
,,,,,
420.0,,,,,
,,,,,
170.0,,,,,
140.0,,,,,
300.0,,,,,
190.0,,,,,
180.0,,,,,
268.6,314.99,266.92,,,
150.0,,,,,
,,,,,
560.0,,,,,
140.0,,,,,
180.0,,,,,
400.0,,,,,
480.0,,,,,
100.0,,,,,
350.0,,,,,
230.0,,,,,
550.0,,,,,
110.0,,,,,
130.0,,,,,
190.0,,,,,
160.0,,,,,
100.0,,,,,
200.0,,,,,
140.0,,,,,
320.0,,,,,
560.0,,,,,
340.0,,,,,
1100.0,,,,,
200.0,,,,,
220.0,,,,,
130.0,,,,,
300.0,,,,,
240.0,,,,,
700.0,,,,,
150.0,,,,,
870.0,,,,,
200.0,,,,,
360.0,,,,,
270.0,,,,,
200.0,,,,,
130.0,,,,,
360.0,,,,,
590.0,,,,,
470.0,,,,,
150.0,,,,,
850.0,,,,,
140.0,,,,,
,,,,,
220.0,,,,,
240.0,,,,,
340.0,,,,,
140.0,,,,,
290.0,,,,,
110.0,,,,,
130.0,,,,,
170.0,,,,,
160.0,,,,,
180.0,,,,,
140.0,,,,,
320.0,,,,,
320.0,,,,,
180.0,,,,,
100.0,,,,,
,,,,,
200.0,,,,,
170.0,,,,,
510.0,,,,,
200.0,,,,,
90.0,,,,,
550.0,,,,,
130.0,,,,,
100.0,,,,,
800.0,,,,,
140.0,,,,,
200.0,,,,,
,,,,,
880.0,,,,,
320.0,,,,,
800.0,,,,,
120.0,,,,,
,,,,,
120.0,,,,,
350.0,,,,,
90.0,,,,,
500.0,,,,,
300.0,,,,,
150.0,,,,,
520.0,,,,,
170.0,,,,,
200.0,,,,,
440.0,,,,,
260.0,,,,,
320.0,,,,,
570.0,,,,,
200.0,,,,,
150.0,,,,,
500.0,,,,,
350.0,,,,,
180.0,,,,,
880.0,,,,,
400.0,,,,,
170.0,,,,,
400.0,,,,,
600.0,,,,,
280.0,,,,,
200.0,,,,,
380.0,,,,,
320.0,,,,,
380.0,,,,,
430.0,,,,,
260.0,,,,,
486.79,399.0,350.0,,,
141.0,209.99,,,,
480.0,,,,,
84.99,81.76,61.49,,,
160.0,,,,,
200.0,,,,,
110.0,,,,,
650.0,,,,,
159.99,251.73,,,,
130.0,,,,,
550.0,,,,,
182.23,,,,,
230.0,,,,,
200.0,,,,,
110.0,,,,,
170.0,,,,,
170.0,,,,,
,,,,,
,,,,,
190.0,,,,,
,,,,,
,,,,,
300.0,,,,,
350.0,,,,,
270.0,,,,,
,,,,,
,,,,,
,,,,,
,,,,,
,,,,,
130.0,,,,,
360.0,,,,,
250.0,,,,,
250.0,,,,,
100.0,,,,,
,,,,,
90.0,,,,,
240.0,,,,,
120.0,,,,,
160.0,,,,,
230.0,,,,,
200.0,,,,,
190.0,,,,,
230.0,,,,,
130.0,,,,,
250.0,,,,,
130.0,,,,,
100.0,,,,,
260.0,,,,,
160.0,,,,,
180.0,,,,,
210.0,,,,,
140.0,,,,,
120.0,,,,,
180.0,,,,,
220.0,,,,,
160.0,,,,,
240.0,,,,,
120.0,,,,,
150.0,,,,,
130.0,,,,,
150.0,,,,,
170.0,,,,,
160.0,,,,,
170.0,,,,,
170.0,,,,,
250.0,,,,,
310.0,,,,,
310.0,,,,,
160.0,,,,,
390.0,,,,,
,,,,,
130.0,,,,,
150.0,,,,,
110.0,,,,,
130.0,,,,,
290.0,,,,,
150.0,,,,,
280.0,,,,,
410.0,,,,,
330.0,,,,,
90.0,,,,,
100.0,,,,,
180.0,,,,,
140.0,,,,,
160.0,,,,,
180.0,,,,,
270.0,,,,,
180.0,,,,,
400.0,,,,,
260.0,,,,,
400.0,,,,,
430.0,,,,,
130.0,,,,,
110.0,,,,,
380.0,,,,,
310.0,,,,,
260.0,,,,,
270.0,,,,,
360.0,,,,,
510.0,,,,,
360.0,,,,,
200.0,,,,,
450.0,,,,,
730.0,,,,,
160.0,,,,,
170.0,,,,,
100.0,,,,,
170.0,,,,,
530.0,,,,,
590.0,,,,,
460.0,,,,,
410.0,,,,,
260.0,,,,,
400.0,,,,,
150.0,,,,,
,,,10000.0,,
140.0,,,,,
400.0,,,,,
460.0,,,,,
260.0,,,,,
170.0,,,,,
260.0,,,,,
220.0,,,,,
220.0,,,,,
114.48,,,,,
320.0,,,,,
450.0,,,,,
600.0,,,,,
500.0,,,,,
2500.0,,,,,
210.0,,,,,
120.0,,,,,
150.0,,,,,
400.0,,,,,
480.0,,,,,
380.0,,,,,
250.0,,,,,
260.0,,,,,
100.0,,,,,
110.0,,,,,
90.0,,,,,
,,,8499.0,,
210.0,,,,,
390.0,,,,,
930.0,,,,,
286.8,,256.48,,,
940.0,,,,,
280.0,,,,,
180.0,,,,,
390.0,,,,,
130.0,,,,,
500.0,,,,,
109.99,,99.28,,,
270.0,,,,,
260.0,,,,,
160.0,,,,,
250.0,,,,,
109.37,85.5,129.99,7499.0,,
130.0,,,,,
129.27,,,,,
200.0,,,,,
182.42,,376.09,,,
126.0,,140.0,,,
100.0,,,,,
290.0,,,,,
170.0,,,,,
600.0,,,,,
250.0,,,,,
109.99,66.11,107.3,7499.0,,
130.0,,,,,
61.44,52.63,78.49,,,
100.0,,,,,
,,,6199.0,,
80.0,,,,,
,,,8699.0,,
120.0,,,,,
100.0,,,,,
190.0,,,,,
84.49,64.8,64.99,,,
80.0,,,,,
90.0,,,,,
249.0,,,17356.0,,
330.0,,,,,
149.99,,247.03,18989.0,,
30.0,,,,,
130.0,,,,,
170.0,,,,,
370.0,,,,,
70.0,,,,,
250.0,,,,,
120.0,,,,,
,152.99,99.99,9999.0,,
360.0,,,,,
470.0,,,,,
280.0,,,,,
180.0,,,,,
100.99,,89.99,,,
199.9,,250.0,,,
129.99,,115.91,,,
220.0,,,,,
96.99,,,7999.0,,
430.0,,,,,
153.99,145.35,134.99,7999.0,,
94.99,,108.0,,,
500.0,,,,,
930.0,,,,,
192.38,139.5,123.42,10999.0,,
161.9,290.0,269.89,8950.0,,
230.0,,,,,
1500.0,,,,,
121.99,249.99,134.99,,,
1300.0,,,,,
157.79,299.99,,12990.0,,
183.37,179.99,,,,
,,254.9,,,
260.0,,,,,
,,,22499.0,,
100.0,,,,,
,,,14999.0,,
170.0,,,,,
300.0,,,,,
660.0,,,,,
330.0,,,,,
350.0,,,,,
140.0,,,,,
198.54,,,,,
105.0,,89.99,,,
100.0,,,,,
110.0,,,,,
182.99,,159.99,19499.0,,
192.89,266.66,134.99,27999.0,,
180.0,,146.99,,,
90.0,,,,,
100.0,,,,,
100.0,,,,,
350.0,,,,,
140.0,,,,,
360.0,,,,,
200.0,,,,,
60.0,,,,,
650.0,,,,,
140.0,,,,,
50.0,,,,,
220.0,,,,,
270.0,,,,,
220.0,,,,,
300.0,,,,,
149.2,,149.22,,,
88.0,204.99,120.0,,,
,,,12599.0,,
132.99,139.99,117.83,,,
460.0,,,,,
126.99,129.99,111.0,8598.0,,
149.99,160.0,139.51,,,
154.99,161.0,136.72,,,
107.99,139.99,85.89,,,
170.0,,,,,
240.0,,,,,
250.0,,,,,
137.08,,175.54,,,
226.97,199.99,334.99,13899.0,,
130.0,,,,,
107.5,84.99,,,,
410.0,,,,,
80.0,,,,,
193.99,,423.11,,,
179.99,295.0,254.24,,,
127.92,138.73,121.72,,,
199.98,144.6,,,,
133.36,224.99,122.89,,,
470.0,,,,,
600.0,,,,,
720.0,,,,,
82.61,75.0,,,,
330.0,,,,,
180.0,,,,,
90.0,,,,,
150.0,,,,,
160.0,,,,,
190.0,,,,,
300.0,,,,,
290.39,,399.99,,,
250.0,,,,,
570.0,,,,,
570.0,,,,,
670.0,,,,,
108.0,104.0,145.93,,,
,249.29,235.97,11990.0,,
900.0,,,,,
400.0,,,,,
1300.0,,,,,
430.0,,,,,
220.0,,,,,
188.99,199.99,,,,
,,,18999.0,,
300.0,,,,,
160.0,,,,,
182.4,160.0,,,,
350.0,,,,,
180.0,,,,,
134.99,107.0,130.0,,,
160.0,,,,,
78.22,86.25,64.99,,,
107.99,164.99,141.35,,,
250.0,,,,,
,,,,,
190.0,,,,,
71.99,,76.68,,,
361.99,,,,,
150.0,,,,,
120.0,,,,,
189.0,209.5,200.0,15499.0,,
190.03,,290.0,,,
350.0,,,,,
211.96,242.5,240.22,23500.0,,
300.0,,,,,
460.0,,,,,
230.0,,,,,
80.0,,,,,
99.99,159.99,130.0,11779.0,,
222.85,213.99,,,,
269.0,229.0,288.37,17599.0,,
627.62,,,,,
,,,6999.0,,
270.0,,,,,
,,763.65,43999.0,,
349.0,329.0,342.42,,,
74.99,59.5,54.99,5669.0,,
94.85,69.63,49.0,7499.0,,
105.24,119.21,97.03,13990.0,,
400.0,,,,,
154.99,127.0,,,,
330.0,,,,,
,,,6999.0,,
330.0,,,,,
184.34,144.99,265.16,,,
267.99,300.0,355.98,26499.0,,
,1178.0,,,,
340.0,,,,,
220.0,,,,,
150.0,,,,,
103.0,119.0,97.9,,205.68,
399.99,436.99,389.0,,,
50.0,,,,,
450.0,,,,,
149.99,,,,,
330.0,,,,,
1150.0,,,,,
200.0,,,,,
,,,10749.0,,
250.0,,,,,
650.0,,,,,
459.99,539.99,495.0,,,
351.99,480.0,419.61,,,
199.0,249.99,,,,
260.0,,,,,
260.0,,,,,
111.0,105.0,99.84,6999.0,,
130.0,,,,,
106.37,82.24,109.19,8499.0,262.43,
,,,8640.0,,
88.88,,,,,
172.5,174.49,179.0,,,
,,,,,
245.71,282.5,257.26,24999.0,,
198.97,111.0,135.0,15245.0,,
217.98,228.0,281.99,16499.0,512.2,
141.16,133.7,137.0,,,
314.0,289.12,417.95,25818.0,592.21,
258.0,218.27,254.99,22999.0,,
700.0,,,,,
139.0,,,,,
197.73,200.0,246.0,,,
126.0,,,,,
72.51,84.5,,7955.0,,
1078.0,1075.0,1033.87,,,
696.53,153.49,750.87,44999.0,,
380.0,,,,,
260.0,,,,,
200.0,,,,,
180.0,,,,,
280.0,,,,,
,,,12999.0,,
,,,6299.0,,
250.0,,,,,
,91.0,,,,
315.0,364.89,279.03,26988.0,,
414.07,469.99,386.85,,,
250.0,,,,,
119.9,159.0,109.99,,,
125.0,154.69,113.74,13490.0,,
,,,37960.0,,
1140.0,,,,,
120.0,,,,,
330.0,,,,,
,,,13499.0,,
220.0,,,,,
30.0,,,,,
140.0,,,,,
140.0,,,,,
,,,13295.0,,
139.0,,208.92,,,
,1999.0,1099.0,,,
240.0,,,,,
62.95,,,,,
190.0,,,,,
764.4,,699.0,,,
649.9,,599.0,,,
180.0,,,,,
230.0,,,,,
220.0,,,,,
130.0,,,,,
500.0,,,,,
280.0,,,,,
,,,,,
,,,,,
,,,,,
,,,,,
100.0,,,,,
1000.0,,,,,
250.0,,,,,
120.0,,,,,
480.0,,,,,
320.0,,,,,
390.0,,,,,
110.0,,,,,
130.0,,,,,
200.0,,,,,
120.0,,,,,
280.0,,,,,
160.0,,,,,
200.0,,,,,
120.0,,,,,
250.0,,,,,
180.0,,,,,
230.0,,,,,
250.0,,,,,
400.0,,,,,
300.0,,,,,
180.0,,,,,
160.0,,,,,
230.0,,,,,
110.0,,,,,
110.0,,,,,
150.0,,,,,
160.0,,,,,
,,,,,
,,,,,
,,,,,
,,,,,
,,,,,
,,,,,
,,,,,
400.0,,,,,
,,,,,
,,,,,
,,,,,
,,,,,
,,,,,
,,,,,
,,,,,
,,,,,
,,,,,
,,,,,
,,,,,
,,,,,
,,,,,
30.0,,,,,
,,,,,
,,,,,
230.0,,,,,
120.0,,,,,
60.0,,,,,
270.0,,,,,
70.0,,,,,
90.0,,,,,
,,,,,
50.0,,,,,
70.0,,,,,
50.0,,,,,
110.0,,,,,
70.0,,,,,
60.0,,,,,
100.0,,,,,
100.0,,,,,
90.0,,,,,
210.0,,,,,
160.0,,,,,
80.0,,,,,
90.0,,,,,
70.0,,,,,
70.0,,,,,
70.0,,,,,
60.0,,,,,
70.0,,,,,
80.0,,,,,
80.0,,,,,
70.0,,,,,
100.0,,,,,
70.0,,,,,
80.0,,,,,
70.0,,,,,
80.0,,,,,
90.0,,,,,
70.0,,,,,
150.0,,,,,
110.0,,,,,
260.0,,,,,
90.0,,,,,
110.0,,,,,
290.0,,,,,
210.0,,,,,
260.0,,,,,
330.0,,,,,
350.0,,,,,
80.0,,,,,
50.0,,,,,
70.0,,,,,
80.0,,,,,
90.0,,,,,
110.0,,,,,
,,,,,
70.0,,,,,
50.0,,,,,
170.0,,,,,
230.0,,,,,
130.0,,,,,
70.0,,,,,
70.0,,,,,
110.0,,,,,
150.0,,,,,
110.0,,,,,
100.0,,,,,
50.0,,,,,
110.0,,,,,
150.0,,,,,
110.0,,,,,
250.0,,,,,
60.0,,,,,
100.0,,,,,
230.0,,,,,
100.0,,,,,
310.0,,,,,
200.0,,,,,
160.0,,,,,
170.0,,,,,
250.0,,,,,
260.0,,,,,
180.0,,,,,
210.0,,,,,
120.0,,,,,
70.0,,,,,
90.0,,,,,
20.0,,,,,
150.0,,,,,
50.0,,,,,
190.0,,,,,
40.0,,,,,
250.0,,,,,
60.0,,,,,
110.0,,,,,
100.0,,,,,
150.0,,,,,
330.0,,,,,
300.0,,,,,
160.0,,,,,
350.0,,,,,
100.0,,,,,
300.0,,,,,
250.0,,,,,
240.0,,,,,
350.0,,,,,
100.0,,,,,
270.0,,,,,
180.0,,,,,
70.0,,,,,
250.0,,,,,
110.0,,,,,
170.0,,,,,
,,,,,
340.0,,,,,
,,,,,
130.0,,,,,
180.0,,,,,
110.0,,,,,
260.0,,,,,
100.0,,,,,
150.0,,,,,
200.0,,,,,
500.0,,,,,
180.0,,,,,
130.0,,,,,
110.0,,,,,
80.0,,,,,
140.0,,,,,
140.0,,,,,
90.0,,,,,
170.0,,,,,
180.0,,,,,
110.0,,,,,
170.0,,,,,
130.0,,,,,
330.0,,,,,
370.0,,,,,
250.0,,,,,
350.0,,,,,
300.0,,,,,
200.0,,,,,
190.0,,,,,
300.0,,,,,
290.0,,,,,
200.0,,,,,
90.0,,,,,
210.0,,,,,
340.0,,,,,
110.0,,,,,
200.0,,,,,
430.0,,,,,
80.0,,,,,
280.0,,,,,
100.0,,,,,
250.0,,,,,
150.0,,,,,
280.0,,,,,
250.0,,,,,
240.0,,,,,
230.0,,,,,
200.0,,,,,
200.0,,,,,
400.0,,,,,
920.0,,,,,
250.0,,,,,
200.0,,,,,
170.0,,,,,
320.0,,,,,
280.0,,,,,
230.0,,,,,
300.0,,,,,
90.0,,,,,
180.0,,,,,
120.0,,,,,
240.0,,,,,
140.0,,,,,
160.0,,,,,
160.0,,,,,
130.0,,,,,
100.0,,,,,
270.0,,,,,
150.0,,,,,
330.0,,,,,
190.0,,,,,
180.0,,,,,
170.0,,,,,
600.0,,,,,
200.0,,,,,
230.0,,,,,
450.0,,,,,
290.0,,,,,
390.0,,,,,
220.0,,,,,
290.0,,,,,
170.0,,,,,
150.0,,,,,
150.0,,,,,
240.0,,,,,
150.0,,,,,
1300.0,,,,,
330.0,,,,,
410.0,,,,,
90.0,,,,,
140.0,,,,,
100.0,,,,,
270.0,,,,,
350.0,,,,,
220.0,,,,,
260.0,,,,,
230.0,,,,,
460.0,,,,,
170.0,,,,,
180.0,,,,,
580.0,,,,,
1200.0,,,,,
800.0,,,,,
200.0,,,,,
130.0,,,,,
150.0,,,,,
200.0,,,,,
400.0,,,,,
100.0,,,,,
200.0,,,,,
270.0,,,,,
200.0,,,,,
130.0,,,,,
180.0,,,,,
200.0,,,,,
760.0,,,,,
420.0,,,,,
670.0,,,,,
220.0,,,,,
222.07,139.52,144.49,,,
280.0,,,,,
280.0,,,,,
260.0,,,,,
390.0,,,,,
300.0,,,,,
260.0,,,,,
360.0,,,,,
340.0,,,,,
120.0,,,,,
190.0,,,,,
550.0,,,,,
350.0,,,,,
650.0,,,,,
1290.0,,,,,
290.0,,,,,
1440.0,,,,,
200.0,,,,,
200.0,,,,,
150.0,,,,,
220.0,,,,,
2150.0,,,,,
450.0,,,,,
1700.0,,,,,
280.0,,,,,
,,,,,
,,,,,
290.0,,,,,
160.0,,,,,
240.0,,,,,
140.0,,,,,
550.0,,,,,
360.0,,,,,
1950.0,,,,,
520.0,,,,,
150.0,,,,,
140.0,,,,,
350.0,445.0,329.0,,595.0,
100.0,,,,,
160.0,,,,,
240.0,,,,,
820.0,,,,,
190.0,,,,,
260.0,,,,,
220.0,,,,,
139.9,199.99,149.99,,,
250.0,,,,,
200.0,,,,,
170.0,,,,,
90.0,,,,,
300.0,,,,,
210.0,,,,,
200.0,,,,,
280.0,,,,,
140.0,,,,,
200.0,,,,,
230.0,,,,,
680.0,,,,,
160.0,,,,,
400.0,,,,,
290.0,,,,,
790.0,,,,,
630.0,,,,,
1400.0,,,,,
1400.0,,,,,
700.0,,,,,
160.0,,,,,
330.0,,,,,
410.0,,,,,
2300.0,,,,,
500.0,,,,,
130.0,,,,,
600.0,,,,,
600.0,,,,,
200.0,,,,,
400.0,,,,,
360.0,,,,,
150.0,,,,,
,,,,,
,,,,,
180.0,,,,,
200.0,,,,,
,,,,,
,,,,,
,,,,,
,,,,,
,,,,,
,,,,,
,,,,,
,,,,,
,,,,,
,,,,,
,,,,,
,,,,,
,,,,,
,,,,,
,,,,,
180.0,,,,,
,,,,,
,,,,,
210.0,,,,,
180.0,,,,,
210.0,,,,,
260.0,,,,,
250.0,,,,,
230.0,,,,,
140.0,,,,,
280.0,,,,,
120.0,,,,,
290.0,,,,,
290.0,,,,,
220.0,,,,,
210.0,,,,,
230.0,,,,,
150.0,,,,,
160.0,,,,,
240.0,,,,,
80.0,,,,,
90.0,,,,,
150.0,,,,,
230.0,,,,,
330.0,,,,,
190.0,,,,,
140.0,,,,,
260.0,,,,,
230.0,,,,,
350.0,,,,,
270.0,,,,,
260.0,,,,,
80.0,,,,,
100.0,,,,,
800.0,,,,,
350.0,,,,,
300.0,,,,,
180.0,,,,,
130.0,,,,,
550.0,,,,,
800.0,,,,,
2290.0,,,,,
250.0,,,,,
700.0,,,,,
420.0,,,,,
120.0,,,,,
460.0,,,,,
401.99,,449.0,,,
300.0,,,,,
100.0,,,,,
172.47,,470.0,,1015.0,
114.51,,197.16,,,
150.0,,,,,
130.0,,,,,
290.0,,,,,
580.0,,,,,
870.0,,,,,
350.0,,,,,
370.0,,,,,
190.0,,,,,
670.0,,,,,
149.28,,,,,
199.99,,,,,
350.0,,,,,
2000.0,,,,,
500.0,,,,,
500.0,,,,,
730.0,,,,,
720.0,,,,,
260.0,,,,,
205.56,545.0,,,,
580.0,,,,,
189.99,179.99,,,,
1880.0,,,,,
613.74,486.39,575.0,,939.46,
,,,,,
140.0,,,,,
200.0,,,,,
830.0,,,,,
150.0,,,,,
300.0,,,,,
400.0,,,,,
230.0,,,,,
199.99,,442.52,,,
170.0,,,,,
330.0,,,,,
320.0,,,,,
609.22,,,,,
280.0,,,,,
230.0,,,,,
140.0,,,,,
120.0,,,,,
260.0,,,,,
260.0,,,,,
180.0,,,,,
380.0,,,,,
350.0,,,,,
170.0,,,,,
200.0,,,,,
180.0,,,,,
80.0,,,,,
160.0,,,,,
250.0,,,,,
250.0,,,,,
300.0,,,,,
200.0,,,,,
190.0,,,,,
380.0,,,,,
400.0,,,,,
180.0,,,,,
370.0,,,,,
170.0,,,,,
120.0,,,,,
190.0,,,,,
130.0,,,,,
150.0,,,,,
120.0,,,,,
500.0,,,,,
400.0,,,,,
200.0,,,,,
190.0,,,,,
220.0,,,,,
250.0,,,,,
290.0,,,,,
200.0,,,,,
320.0,,,,,
,,,,,
110.0,,,,,
200.0,,,,,
150.0,,,,,
110.0,,,,,
200.0,,,,,
1200.0,,,,,
600.0,,,,,
170.0,,,,,
590.0,,,,,
230.0,,,,,
2179.46,,,,,
190.0,,,,,
745.99,,,,,
921.39,1290.0,,,,
550.0,,,,,
500.0,,,,,
280.0,,,,,
227.9,385.0,,,,
364.99,310.4,,,,
450.0,,,,,
750.0,,,,,
890.0,,,,,
,,,,,
,,,,,
270.0,,,,,
1000.0,,,,,
4360.0,,,,,
260.0,,,,,
1550.0,,,,,
540.0,,,,,
160.0,,,,,
290.0,,,,,
380.0,,,,,
320.0,,,,,
510.0,,,,,
600.0,,,,,
960.0,,,,,
140.0,,,,,
240.0,,,,,
357.99,,413.19,,,
1050.0,,,,,
472.99,,538.2,,,
999.0,806.99,,,,
199.95,,,,,
,,,,,
1279.24,1359.99,,,,
,,,,,
370.0,,,,,
2550.0,,,,,
918.05,899.99,1053.29,,,
850.0,,,,,
680.0,,,,,
20.0,,,,,
570.0,,,,,
399.0,,,,,
20.0,,,,,
70.0,,,,,
140.0,,,,,
379.0,,,,,
70.0,,,,,
300.0,,,,,
180.0,,,,,
249.0,,,,,
120.0,,,,,
240.0,,,,,
50.0,,,,,
70.0,,,,,
,,,,,
170.0,,,,,
290.0,,,,,
470.0,,,,,
30.0,,,,,
320.0,,,,,
20.0,,,,,
30.0,,,,,
100.0,,,,,
20.0,,,,,
30.0,,,,,
70.0,,,,,
20.0,,,,,
30.0,,,,,
120.0,,,,,
140.0,,,,,
140.0,,,,,
110.0,,,,,
110.0,,,,,
150.0,,,,,
240.0,,,,,
180.0,,,,,
140.0,,,,,
30.0,,,,,
20.0,,,,,
50.0,,,,,
50.0,,,,,
90.0,,,,,
80.0,,,,,
140.0,,,,,
130.0,,,,,
130.0,,,,,
90.0,,,,,
70.0,,,,,
,,,,,
80.0,,,,,
,,,,,
20.0,,,,,
250.0,,,,,
30.0,,,,,
30.0,,,,,
130.0,,,,,
290.0,,,,,
140.0,,,,,
120.0,,,,,
170.0,,,,,
110.0,,,,,
80.0,,,,,
100.0,,,,,
50.0,,,,,
130.0,,,,,
110.0,,,,,
60.0,,,,,
50.0,,,,,
150.0,,,,,
,,,,,
,,,,,
,,,,,
,,,,,
100.0,,,,,
100.0,,,,,
,,,,,
,,,,,
,,,,,
,,,,,
,,,,,
,,,,,
,,,,,
,,,,,
,,,,,
,,,,,
,,,,,
,,,,,
,,,,,
,,,,,
,,,,,
,,,,,
,,,,,
,,,,,
,,,,,
,,,,,
,,,,,
,,,,,
,,,,,
,,,,,
,,,,,
,,,,,
,,,,,
,,,,,
,,,,,
140.0,,,,,
,,,,,
,,,,,
,,,,,
,,,,,
,,,,,
,,,,,
,,,,,
,,,,,
,,,,,
,,,,,
,,,,,
,,,,,
,,,,,
,,,,,
,,,,,
,,,,,
,,,,,
,,,,,
,,,,,
,,,,,
,,,,,
,,,,,
,,,,,
,,,,,
,,,,,
,,,,,
,,,,,
,,,,,
,,,,,
,,,,,
,,,,,
,,,,,
,,,,,
,,,,,
,,,,,
,,,,,
,,,,,
,,,,,
,,,,,
,,,,,
,,,,,
,,,,,
,,,,,
,,,,,
,,,,,
,,,,,
,,,,,
,,,,,
430.0,,,,,
,,,,,
,,,,,
,,,,,
,,,,,
,,,,,
,,,,,
,,,,,
,,,,,
,,,,,
,,,,,
230.0,,,,,
50.0,,,,,
,,,,,
,,,,,
40.0,,,,,
190.0,,,,,
100.0,,,,,
330.0,,,,,
70.0,,,,,
50.0,,,,,
40.0,,,,,
110.0,,,,,
250.0,,,,,
,,,,,
230.0,,,,,
110.0,,,,,
60.0,,,,,
140.0,,,,,
230.0,,,,,
150.0,,,,,
160.0,,,,,
190.0,,,,,
230.0,,,,,
200.0,,,,,
120.0,,,,,
150.0,,,,,
230.0,,,,,
240.0,,,,,
260.0,,,,,
420.0,,,,,
270.0,,,,,
150.0,,,,,
110.0,,,,,
250.0,,,,,
140.0,,,,,
100.0,,,,,
130.0,,,,,
90.0,,,,,
250.0,,,,,
120.0,,,,,
200.0,,,,,
120.0,,,,,
150.0,,,,,
40.0,,,,,
70.0,,,,,
210.0,,,,,
150.0,,,,,
500.0,,,,,
440.0,,,,,
80.0,,,,,
140.0,,,,,
100.0,,,,,
120.0,,,,,
80.0,,,,,
210.0,,,,,
70.0,,,,,
50.0,,,,,
260.0,,,,,
130.0,,,,,
100.0,,,,,
340.0,,,,,
90.0,,,,,
230.0,,,,,
180.0,,,,,
190.0,,,,,
150.0,,,,,
,,,,,
200.0,,,,,
50.0,,,,,
400.0,,,,,
130.0,,,,,
100.0,,,,,
180.0,,,,,
180.0,,,,,
30.0,,,,,
40.0,,,,,
60.0,,,,,
30.0,,,,,
40.0,,,,,
160.0,,,,,
60.0,,,,,
70.0,,,,,
150.0,,,,,
230.0,,,,,
200.0,,,,,
,,,,,
200.0,,,,,
70.0,,,,,
130.0,,,,,
120.0,,,,,
720.0,,,,,
610.0,,,,,
130.0,,,,,
60.0,,,,,
170.0,,,,,
40.0,,,,,
170.0,,,,,
100.0,,,,,
100.0,,,,,
80.0,,,,,
140.0,,,,,
50.0,,,,,
150.0,,,,,
160.0,,,,,
40.0,,,,,
220.0,,,,,
170.0,,,,,
70.0,,,,,
120.0,,,,,
50.0,,,,,
190.0,,,,,
110.0,,,,,
70.0,,,,,
130.0,,,,,
160.0,,,,,
180.0,,,,,
150.0,,,,,
,,,,,
120.0,,,,,
130.0,,,,,
110.0,,,,,
90.0,,,,,
110.0,,,,,
100.0,,,,,
40.0,,,,,
60.0,,,,,
180.0,,,,,
50.0,,,,,
840.0,,,,,
70.0,,,,,
120.0,,,,,
150.0,,,,,
140.0,,,,,
1070.0,,,,,
100.0,,,,,
50.0,,,,,
110.0,,,,,
120.0,,,,,
150.0,,,,,
90.0,,,,,
140.0,,,,,
120.0,,,,,
150.0,,,,,
180.0,,,,,
60.0,,,,,
130.0,,,,,
120.0,,,,,
150.0,,,,,
40.0,,,,,
40.0,,,,,
70.0,,,,,
120.0,,,,,
130.0,,,,,
80.0,,,,,
110.0,,,,,
100.0,,,,,
90.0,,,,,
110.0,,,,,
90.0,,,,,
70.0,,,,,
150.0,,,,,
110.0,,,,,
100.0,,,,,
180.0,,,,,
,,,,,
160.0,,,,,
80.0,,,,,
90.0,,,,,
120.0,,,,,
20.0,,,,,
120.0,,,,,
130.0,,,,,
110.0,,,,,
90.0,,,,,
140.0,,,,,
90.0,,,,,
40.0,,,,,
120.0,,,,,
30.0,,,,,
40.0,,,,,
50.0,,,,,
50.0,,,,,
120.0,,,,,
70.0,,,,,
100.0,,,,,
120.0,,,,,
60.0,,,,,
80.0,,,,,
,,,,,
150.0,,,,,
170.0,,,,,
100.0,,,,,
70.0,,,,,
40.0,,,,,
50.0,,,,,
70.0,,,,,
150.0,,,,,
140.0,,,,,
180.0,,,,,
30.0,,,,,
230.0,,,,,
220.0,,,,,
,,,,,
,,,,,
180.0,,,,,
70.0,,,,,
70.0,,,,,
110.0,,,,,
50.0,,,,,
80.0,,,,,
100.0,,,,,
40.0,,,,,
60.0,,,,,
90.0,,,,,
100.0,,,,,
90.0,,,,,
50.0,,,,,
50.0,,,,,
110.0,,,,,
100.0,,,,,
130.0,,,,,
70.0,,,,,
140.0,,,,,
220.0,,,,,
160.0,,,,,
60.0,,,,,
160.0,,,,,
80.0,,,,,
80.0,,,,,
70.0,,,,,
170.0,,,,,
90.0,,,,,
280.0,,,,,
10.0,,,,,
50.0,,,,,
40.0,,,,,
80.0,,,,,
70.0,,,,,
70.0,,,,,
70.0,,,,,
80.0,,,,,
110.0,,,,,
170.0,,,,,
90.0,,,,,
210.0,,,,,
250.0,,,,,
70.0,,,,,
50.0,,,,,
40.0,,,,,
110.0,,,,,
80.0,,,,,
20.0,,,,,
200.0,,,,,
70.0,,,,,
320.0,,,,,
50.0,,,,,
80.0,,,,,
70.0,,,,,
260.0,,,,,
60.0,,,,,
60.0,,,,,
400.0,,,,,
380.0,,,,,
20.0,,,,,
160.0,,,,,
30.0,,,,,
140.0,,,,,
20.0,,,,,
80.0,,,,,
60.0,,,,,
90.0,,,,,
60.0,,,,,
100.0,,,,,
210.0,,,,,
360.0,,,,,
350.0,,,,,
400.0,,,,,
120.0,,,,,
40.0,,,,,
60.0,,,,,
120.0,,,,,
100.0,,,,,
100.0,,,,,
110.0,,,,,
50.0,,,,,
110.0,,,,,
140.0,,,,,
370.0,,,,,
50.0,,,,,
100.0,,,,,
90.0,,,,,
20.0,,,,,
100.0,,,,,
20.0,,,,,
330.0,,,,,
170.0,,,,,
40.0,,,,,
220.0,,,,,
40.0,,,,,
70.0,,,,,
70.0,,,,,
30.0,,,,,
40.0,,,,,
60.0,,,,,
400.0,,,,,
100.0,,,,,
170.0,,,,,
300.0,,,,,
70.0,,,,,
20.0,,,,,
110.0,,,,,
220.0,,,,,
100.0,,,,,
100.0,,,,,
220.0,,,,,
140.0,,,,,
1010.0,,,,,
490.0,,,,,
100.0,,,,,
200.0,,,,,
160.0,,,,,
30.0,,,,,
240.0,,,,,
20.0,,,,,
120.0,,,,,
390.0,,,,,
240.0,,,,,
190.0,,,,,
80.0,,,,,
30.0,,,,,
130.0,,,,,
210.0,,,,,
140.0,,,,,
140.0,,,,,
290.0,,,,,
,,,,,
,,,,,
100.0,,,,,
10.0,,,,,
20.0,,,,,
40.0,,,,,
60.0,,,,,
130.0,,,,,
240.0,,,,,
150.0,,,,,
40.0,,,,,
100.0,,,,,
100.0,,,,,
590.0,,,,,
60.0,,,,,
80.0,,,,,
140.0,,,,,
70.0,,,,,
90.0,,,,,
110.0,,,,,
90.0,,,,,
80.0,,,,,
80.0,,,,,
150.0,,,,,
90.0,,,,,
90.0,,,,,
90.0,,,,,
50.0,,,,,
40.0,,,,,
249.28,399.0,199.0,,,
50.0,,,,,
102.98,,57.0,,,
100.0,,,,,
180.0,,,,,
69.75,80.93,45.0,2039.0,,
100.0,,,,,
200.0,,,,,
220.0,,,,,
252.0,241.3,189.97,,,
240.0,,,,,
60.0,,,,,
95.98,255.0,66.2,,,
89.13,159.99,70.0,,,
130.0,,,,,
160.0,,,,,
60.0,,,,,
,68.18,,,79.53,
90.71,233.0,79.0,,,
20.0,,,,,
54.64,63.37,43.96,4299.0,,
240.0,,,,,
65.0,63.0,49.97,3823.0,,
,72.0,,,,
249.93,291.4,119.0,,,
,56.87,,,,
77.43,72.0,59.99,2043.0,,
132.34,115.09,,,,199.0
274.13,279.89,177.0,,,
,,,,,
,69.16,,,,
67.65,99.99,52.0,,,
80.0,,,,,
50.0,,,,,
90.0,,,,,
90.31,110.26,74.49,,,
108.51,,,,,
99.9,190.16,84.97,,,
80.0,,,,,
30.0,,,,,
559.99,499.99,411.23,,,
71.08,43.14,,2199.0,,
100.0,,,,,
50.42,,,,,
20.0,,,,,
,42.0,,,,
170.0,,,,,
,89.95,,,,
149.99,142.57,129.98,9774.0,,
,,,,,
55.99,155.0,,1767.0,,
70.0,,,,,
70.0,,,,,
,109.99,,,,
,,,,,
,,,,,
60.0,,,,,
40.0,,,,,
220.0,,,,,
,,,,,
100.0,,,,,
150.0,,,,,
200.0,,,,,
250.0,,,,,
65.65,59.0,74.24,3599.0,,
170.0,,,,,
120.0,,,,,
230.0,,,,,
250.0,,,,,
320.0,,,,,
140.0,,,,,
220.0,,,,,
110.0,,,,,
260.0,,,,,
300.0,,,,,
220.0,,,,,
,,,14000.0,,
150.0,,,,,
140.0,,,,,
460.0,,,,,
430.0,,,,,
200.0,,,,,
260.0,,,,,
360.0,,,,,
240.0,,,,,
280.0,,,,,
510.0,,,,,
230.0,,,,,
560.0,,,,,
500.0,,,,,
650.0,,,,,
500.0,,,,,
700.0,,,,,
700.0,,,,,
2000.0,,,,,
370.0,,,,,
419.5,550.0,251.9,,,
930.0,,,,,
200.0,,,,,
453.55,850.0,329.95,,,
193.3,689.0,219.0,,,
699.0,594.99,549.0,,,
318.99,329.99,246.0,,,
972.05,839.0,805.0,,,
198.0,294.99,282.0,,,
597.47,639.95,677.0,,,
865.5,749.0,729.5,,,
420.0,,,,,
710.0,,,,,
290.0,,,,,
304.68,359.0,320.0,,,
370.0,,,,,
700.0,,,,,
650.0,,,,,
360.0,,,,,
13000.0,,,,,
11000.0,,,,,
230.0,,,,,
126.35,99.0,91.0,,,
950.0,,,,,
940.0,,,,,
1150.0,,,,,
108.35,78.96,75.0,8999.0,249.0,
240.0,,,,,
340.53,150.0,148.0,24999.0,,
268.5,219.95,158.99,31999.0,,
390.0,,,,,
200.0,,,,,
600.0,,,,,
289.99,129.99,138.49,,,
260.0,,,,,
380.0,,,,,
250.0,,,,,
299.99,119.99,149.99,27799.0,,
550.0,,,,,
310.0,,,,,
430.0,,,,,
153.3,122.64,101.95,,381.16,
190.0,,,,,
280.0,,,,,
1020.0,,,,,
300.0,,,,,
220.0,,,,,
110.0,,,,,
500.0,,,,,
180.0,,,,,
140.0,,,,,
360.0,,,,,
150.0,,,,,
290.0,,,,,
200.0,,,,,
230.0,,,,,
250.0,,,,,
140.0,,,,,
440.0,,,,,
400.0,,,,,
,,,,,
390.0,,,,,
70.0,,,,,
210.0,,,,,
180.0,,,,,
590.0,,,,,
180.0,,,,,
130.0,,,,,
170.0,,,,,
450.0,,,,,
190.0,,,,,
200.0,,,,,
180.0,,,,,
90.0,,,,,
20.0,,,,,
120.0,,,,,
30.0,,,,,
30.0,,,,,
120.0,,,,,
120.0,,,,,
110.0,,,,,
150.0,,,,,
220.0,,,,,
70.0,,,,,
70.0,,,,,
70.0,,,,,
120.0,,,,,
100.0,,,,,
80.0,,,,,
120.0,,,,,
200.0,,,,,
90.0,,,,,
70.0,,,,,
90.0,,,,,
150.0,,,,,
60.0,,,,,
120.0,,,,,
180.0,,,,,
100.0,,,,,
60.0,,,,,
50.0,,,,,
100.0,,,,,
100.0,,,,,
80.0,,,,,
200.0,,,,,
30.0,,,,,
90.0,,,,,
310.0,,,,,
120.0,,,,,
120.0,,,,,
100.0,,,,,
100.0,,,,,
130.0,,,,,
80.0,,,,,
140.0,,,,,
100.0,,,,,
60.0,,,,,
30.0,,,,,
80.0,,,,,
80.0,,,,,
50.0,,,,,
40.0,,,,,
90.0,,,,,
70.0,,,,,
80.0,,,,,
80.0,,,,,
120.0,,,,,
110.0,,,,,
,,,,,
,,,,,
100.0,,,,,
70.0,,,,,
160.0,,,,,
,,,,,
80.0,,,,,
90.0,,,,,
290.0,,,,,
90.0,,,,,
60.0,,,,,
80.0,,,,,
,,,,,
90.0,,,,,
130.0,,,,,
70.0,,,,,
80.0,,,,,
,,,,,
,,,,,
,,,,,
,,,,,
,,,,,
,,,,,
,,,,,
,,,,,
,,,,,
,,,,,
,,,,,
,,,,,
,,,,,
,,,,,
,,,,,
,,,,,
,,,,,
220.0,,,,,
,,,,,
,,,,,
,,,,,
550.0,,,,,
,,,,,
,,,,,
,,,,,
,,,,,
,,,,,
,,,,,
,,,,,
,,,,,
,,,,,
,,,,,
,,,,,
,,,,,
,,,,,
,,,,,
,,,,,
,,,,,
,,,,,
,,,,,
,,,,,
,,,,,
,,,,,
,,,,,
,,,,,
,,,,,
,,,,,
,,,,,
,,,,,
,,,,,
,,,,,
,,,,,
,,,,,
,,,,,
,,,,,
,,,,,
,,,,,
,,,,,
,,,,,
,,,,,
,,,,,
,,,,,
,,,,,
,,,,,
,,,,,
,,,,,
,,,,,
,,,,,
,,,,,
,,,,,
,,,,,
,,,,,
,,,,,
,,,,,
,,,,,
,,,,,
,,,,,
,,,,,
,,,,,
,,,,,
,,,,,
,,,,,
,,,,,
,,,,,
,,,,,
,,,,,
,,,,,
,,,,,
,,,,,
,,,,,
,,,,,
,,,,,
,,,,,
,,,,,
,,,,,
,,,,,
,,,,,
,,,,,
,,,,,
,,,,,
,,,,,
30.0,,,,,
,,,,,
,,,,,
,,,,,
80.0,,,,,
,,,,,
,,,,,
,,,,,
,,,,,
,,,,,
,,,,,
,,,,,
,,,,,
,,,,,
,,,,,
,,,,,
100.0,,,,,
,,,,,
80.0,,,,,
,,,,,
,,,,,
,,,,,
,,,,,
,,,,,
,,,,,
,,,,,
,,,,,
,,,,,
,,,,,
,,,,,
,,,,,
,,,,,
,,,,,
,,,,,
,,,,,
,,,,,
,,,,,
,,,,,
,,,,,
,,,,,
,,,,,
,,,,,
,,,,,
,,,,,
,,,,,
,,,,,
,,,,,
,,,,,
,,,,,
,,,,,
,,,,,
,,,,,
,,,,,
,,,,,
,,,,,
,,,,,
,,,,,
,,,,,
110.0,,,,,
,,,,,
,,,,,
,,,,,
,,,,,
,,,,,
,,,,,
,,,,,
,,,,,
,,,,,
,,,,,
,,,,,
,,,,,
,,,,,
,,,,,
,,,,,
,,,,,
,,,,,
,,,,,
,,,,,
,,,,,
,,,,,
,,,,,
,,,,,
,,,,,
,,,,,
,,,,,
,,,,,
50.0,,,,,
,,,,,
,,,,,
120.0,,,,,
,,,,,
,,,,,
,,,,,
,,,,,
,,,,,
160.0,,,,,
50.0,,,,,
110.0,,,,,
130.0,,,,,
40.0,,,,,
40.0,,,,,
,,,,,
,,,,,
,,,,,
,,,,,
,,,,,
,,,,,
,,,,,
,,,,,
,,,,,
,,,,,
140.0,,,,,
210.0,,,,,
,,,,,
,,,,,
,,,,,
180.0,,,,,
150.0,,,,,
120.0,,,,,
110.0,,,,,
60.0,,,,,
80.0,,,,,
,,,,,
80.0,,,,,
70.0,,,,,
90.0,,,,,
100.0,,,,,
90.0,,,,,
140.0,,,,,
90.0,,,,,
130.0,,,,,
80.0,,,,,
,,,,,
,,,,,
290.0,,,,,
190.0,,,,,
240.0,,,,,
220.0,,,,,
180.0,,,,,
100.0,,,,,
70.0,,,,,
30.0,,,,,
60.0,,,,,
60.0,,,,,
110.0,,,,,
50.0,,,,,
120.0,,,,,
80.0,,,,,
,,,,,
140.0,,,,,
110.0,,,,,
,,,,,
110.0,,,,,
80.0,,,,,
90.0,,,,,
150.0,,,,,
290.0,,,,,
80.0,,,,,
,,,,,
80.0,,,,,
80.0,,,,,
,,,,,
90.0,,,,,
130.0,,,,,
100.0,,,,,
280.0,,,,,
100.0,,,,,
100.0,,,,,
130.0,,,,,
130.0,,,,,
,,,,,
70.0,,,,,
70.0,,,,,
,,,,,
80.0,,,,,
80.0,,,,,
70.0,,,,,
60.0,,,,,
120.0,,,,,
,,,,,
60.0,,,,,
100.0,,,,,
70.0,,,,,
60.0,,,,,
70.0,,,,,
70.0,,,,,
60.0,,,,,
60.0,,,,,
60.0,,,,,
50.0,,,,,
70.0,,,,,
80.0,,,,,
80.0,,,,,
160.0,,,,,
130.0,,,,,
150.0,,,,,
150.0,,,,,
110.0,,,,,
110.0,,,,,
180.0,,,,,
150.0,,,,,
1000.0,,,,,
90.0,,,,,
,,,,,
80.0,,,,,
150.0,,,,,
100.0,,,,,
110.0,,,,,
110.0,,,,,
50.0,,,,,
50.0,,,,,
,,,,,
80.0,,,,,
60.0,,,,,
100.0,,,,,
90.0,,,,,
120.0,,,,,
50.0,,,,,
70.0,,,,,
40.0,,,,,
60.0,,,,,
40.0,,,,,
120.0,,,,,
100.0,,,,,
90.0,,,,,
,,,,,
150.0,,,,,
70.0,,,,,
110.0,,,,,
120.0,,,,,
80.0,,,,,
130.0,,,,,
110.0,,,,,
120.0,,,,,
140.0,,,,,
120.0,,,,,
,,,,,
120.0,,,,,
120.0,,,,,
,,,,,
90.0,,,,,
40.0,,,,,
140.0,,,,,
120.0,,,,,
90.0,,,,,
200.0,,,,,
30.0,,,,,
80.0,,,,,
80.0,,,,,
60.0,,,,,
40.0,,,,,
100.0,,,,,
150.0,,,,,
90.0,,,,,
110.0,,,,,
,,,,,
80.0,,,,,
180.0,,,,,
90.0,,,,,
60.0,,,,,
130.0,,,,,
80.0,,,,,
,,,,,
130.0,,,,,
140.0,,,,,
80.0,,,,,
80.0,,,,,
80.0,,,,,
140.0,,,,,
60.0,,,,,
90.0,,,,,
90.0,,,,,
110.0,,,,,
170.0,,,,,
20.0,,,,,
90.0,,,,,
30.0,,,,,
60.0,,,,,
40.0,,,,,
70.0,,,,,
140.0,,,,,
90.0,,,,,
90.0,,,,,
690.0,,,,,
80.0,,,,,
80.0,,,,,
140.0,,,,,
80.0,,,,,
40.0,,,,,
40.0,,,,,
90.0,,,,,
,,,,,
50.0,,,,,
50.0,,,,,
40.0,,,,,
30.0,,,,,
140.0,,,,,
80.0,,,,,
70.0,,,,,
40.0,,,,,
60.0,,,,,
,,,,,
70.0,,,,,
70.0,,,,,
60.0,,,,,
110.0,,,,,
90.0,,,,,
60.0,,,,,
220.0,,,,,
100.0,,,,,
150.0,,,,,
140.0,,,,,
70.0,,,,,
150.0,,,,,
90.0,,,,,
90.0,,,,,
80.0,,,,,
80.0,,,,,
110.0,,,,,
40.0,,,,,
,,,,,
40.0,,,,,
80.0,,,,,
100.0,,,,,
70.0,,,,,
120.0,,,,,
70.0,,,,,
70.0,,,,,
120.0,,,,,
50.0,,,,,
150.0,,,,,
240.0,,,,,
110.0,,,,,
120.0,,,,,
200.0,,,,,
150.0,,,,,
60.0,,,,,
90.0,,,,,
120.0,,,,,
150.0,,,,,
120.0,,,,,
200.0,,,,,
70.0,,,,,
70.0,,,,,
,,,,,
130.0,,,,,
80.0,,,,,
60.0,,,,,
40.0,,,,,
70.0,,,,,
90.0,,,,,
60.0,,,,,
140.0,,,,,
40.0,,,,,
120.0,,,,,
80.0,,,,,
100.0,,,,,
50.0,,,,,
70.0,,,,,
60.0,,,,,
70.0,,,,,
100.0,,,,,
90.0,,,,,
50.0,,,,,
80.0,,,,,
110.0,,,,,
110.0,,,,,
30.0,,,,,
90.0,,,,,
130.0,,,,,
30.0,,,,,
200.0,,,,,
40.0,,,,,
280.0,,,,,
30.0,,,,,
30.0,,,,,
30.0,,,,,
160.0,,,,,
30.0,,,,,
120.0,,,,,
150.0,,,,,
80.0,,,,,
160.0,,,,,
150.0,,,,,
40.0,,,,,
120.0,,,,,
120.0,,,,,
110.0,,,,,
230.0,,,,,
110.0,,,,,
150.0,,,,,
150.0,,,,,
100.0,,,,,
120.0,,,,,
80.0,,,,,
230.0,,,,,
90.0,,,,,
80.0,,,,,
80.0,,,,,
80.0,,,,,
20.0,,,,,
130.0,,,,,
100.0,,,,,
100.0,,,,,
120.0,,,,,
90.0,,,,,
80.0,,,,,
120.0,,,,,
60.0,,,,,
260.0,,,,,
160.0,,,,,
120.0,,,,,
70.0,,,,,
100.0,,,,,
220.0,,,,,
100.0,,,,,
80.0,,,,,
220.0,,,,,
140.0,,,,,
150.0,,,,,
140.0,,,,,
120.0,,,,,
150.0,,,,,
80.0,,,,,
100.0,,,,,
110.0,,,,,
150.0,,,,,
120.0,,,,,
110.0,,,,,
90.0,,,,,
200.0,,,,,
170.0,,,,,
130.0,,,,,
100.0,,,,,
90.0,,,,,
150.0,,,,,
170.0,,,,,
170.0,,,,,
80.0,,,,,
130.0,,,,,
150.0,,,,,
130.0,,,,,
110.0,,,,,
120.0,,,,,
120.0,,,,,
90.0,,,,,
220.0,,,,,
60.0,,,,,
80.0,,,,,
130.0,,,,,
90.0,,,,,
110.0,,,,,
100.0,,,,,
90.0,,,,,
100.0,,,,,
40.0,,,,,
110.0,,,,,
100.0,,,,,
90.0,,,,,
150.0,,,,,
240.0,,,,,
270.0,,,,,
120.0,,,,,
120.0,,,,,
150.0,,,,,
80.0,,,,,
150.0,,,,,
90.0,,,,,
50.0,,,,,
,,,,,
,,,,,
,,,,,
,,,,,
,,,,,
20.0,,,,,
30.0,,,,,
30.0,,,,,
70.0,,,,,
60.0,,,,,
90.0,,,,,
70.0,,,,,
100.0,,,,,
50.0,,,,,
70.0,,,,,
70.0,,,,,
90.0,,,,,
280.0,,,,,
50.0,,,,,
70.0,,,,,
90.0,,,,,
140.0,,,,,
130.0,,,,,
170.0,,,,,
130.0,,,,,
130.0,,,,,
110.0,,,,,
90.0,,,,,
70.0,,,,,
90.0,,,,,
70.0,,,,,
110.0,,,,,
40.0,,,,,
120.0,,,,,
80.0,,,,,
290.0,,,,,
90.0,,,,,
180.0,,,,,
70.0,,,,,
170.0,,,,,
80.0,,,,,
120.0,,,,,
150.0,,,,,
310.0,,,,,
290.0,,,,,
90.0,,,,,
350.0,,,,,
290.0,,,,,
150.0,,,,,
370.0,,,,,
270.0,,,,,
180.0,,,,,
80.0,,,,,
90.0,,,,,
40.0,,,,,
50.0,,,,,
40.0,,,,,
200.0,,,,,
80.0,,,,,
230.0,,,,,
80.0,,,,,
50.0,,,,,
60.0,,,,,
80.0,,,,,
50.0,,,,,
30.0,,,,,
,,,,,
20.0,,,,,
170.0,,,,,
200.0,,,,,
70.0,,,,,
70.0,,,,,
80.0,,,,,
130.0,,,,,
90.0,,,,,
70.0,,,,,
90.0,,,,,
260.0,,,,,
100.0,,,,,
,,,,,
120.0,,,,,
110.0,,,,,
180.0,,,,,
70.0,,,,,
160.0,,,,,
80.0,,,,,
200.0,,,,,
330.0,,,,,
200.0,,,,,
160.0,,,,,
120.0,,,,,
180.0,,,,,
160.0,,,,,
90.0,,,,,
150.0,,,,,
270.0,,,,,
170.0,,,,,
280.0,,,,,
150.0,,,,,
90.0,,,,,
280.0,,,,,
180.0,,,,,
260.0,,,,,
100.0,,,,,
260.0,,,,,
70.0,,,,,
110.0,,,,,
120.0,,,,,
130.0,,,,,
150.0,,,,,
180.0,,,,,
50.0,,,,,
90.0,,,,,
100.0,,,,,
180.0,,,,,
220.0,,,,,
70.0,,,,,
50.0,,,,,
130.0,,,,,
130.0,,,,,
20.0,,,,,
80.0,,,,,
20.0,,,,,
80.0,,,,,
190.0,,,,,
160.0,,,,,
120.0,,,,,
350.0,,,,,
430.0,,,,,
240.0,,,,,
270.0,,,,,
140.0,,,,,
280.0,,,,,
100.0,,,,,
90.0,,,,,
350.0,,,,,
240.0,,,,,
90.0,,,,,
70.0,,,,,
150.0,,,,,
150.0,,,,,
150.0,,,,,
90.0,,,,,
130.0,,,,,
100.0,,,,,
150.0,,,,,
170.0,,,,,
130.0,,,,,
290.0,,,,,
290.0,,,,,
240.0,,,,,
,,,,,
90.0,,,,,
100.0,,,,,
180.0,,,,,
80.0,,,,,
50.0,,,,,
300.0,,,,,
280.0,,,,,
190.0,,,,,
310.0,,,,,
100.0,,,,,
110.0,,,,,
80.0,,,,,
70.0,,,,,
,,,,,
80.0,,,,,
220.0,,,,,
100.0,,,,,
20.0,,,,,
30.0,,,,,
50.0,,,,,
30.0,,,,,
60.0,,,,,
50.0,,,,,
110.0,,,,,
350.0,,,,,
90.0,,,,,
200.0,,,,,
320.0,,,,,
100.0,,,,,
150.0,,,,,
250.0,,,,,
100.0,,,,,
220.0,,,,,
150.0,,,,,
350.0,,,,,
40.0,,,,,
150.0,,,,,
300.0,,,,,
320.0,,,,,
150.0,,,,,
70.0,,,,,
160.0,,,,,
90.0,,,,,
130.0,,,,,
100.0,,,,,
150.0,,,,,
60.0,,,,,
260.0,,,,,
440.0,,,,,
260.0,,,,,
110.0,,,,,
150.0,,,,,
80.0,,,,,
170.0,,,,,
110.0,,,,,
390.0,,,,,
210.0,,,,,
180.0,,,,,
50.0,,,,,
90.0,,,,,
210.0,,,,,
100.0,,,,,
60.0,,,,,
120.0,,,,,
70.0,,,,,
280.0,,,,,
80.0,,,,,
320.0,,,,,
330.0,,,,,
320.0,,,,,
460.0,,,,,
70.0,,,,,
170.0,,,,,
90.0,,,,,
280.0,,,,,
170.0,,,,,
300.0,,,,,
150.0,,,,,
140.0,,,,,
260.0,,,,,
160.0,,,,,
90.0,,,,,
290.0,,,,,
270.0,,,,,
330.0,,,,,
310.0,,,,,
230.0,,,,,
,,,,,
130.0,,,,,
280.0,,,,,
440.0,,,,,
310.0,,,,,
420.0,,,,,
120.0,,,,,
140.0,,,,,
370.0,,,,,
70.0,,,,,
90.0,,,,,
80.0,,,,,
120.0,,,,,
150.0,,,,,
410.0,,,,,
80.0,,,,,
190.0,,,,,
330.0,,,,,
680.0,,,,,
290.0,,,,,
420.0,,,,,
420.0,,,,,
360.0,,,,,
420.0,,,,,
470.0,,,,,
500.0,,,,,
640.0,,,,,
670.0,,,,,
130.0,,,,,
540.0,,,,,
150.0,,,,,
410.0,,,,,
320.0,,,,,
120.0,,,,,
70.0,,,,,
50.0,,,,,
180.0,,,,,
480.0,,,,,
250.0,,,,,
380.0,,,,,
260.0,,,,,
420.0,,,,,
180.0,,,,,
200.0,,,,,
300.0,,,,,
270.0,,,,,
350.0,,,,,
310.0,,,,,
300.0,,,,,
270.0,,,,,
190.0,,,,,
190.0,,,,,
240.0,,,,,
440.0,,,,,
280.0,,,,,
300.0,,,,,
270.0,,,,,
210.0,,,,,
360.0,,,,,
120.0,,,,,
370.0,,,,,
440.0,,,,,
370.0,,,,,
300.0,,,,,
300.0,,,,,
300.0,,,,,
130.0,,,,,
220.0,,,,,
120.0,,,,,
250.0,,,,,
90.0,,,,,
100.0,,,,,
220.0,,,,,
90.0,,,,,
20.0,,,,,
,,,,,
100.0,,,,,
,,,,,
160.0,,,,,
450.0,,,,,
390.0,,,,,
250.0,,,,,
270.0,,,,,
390.0,,,,,
230.0,,,,,
300.0,,,,,
170.0,,,,,
,,,,,
340.0,,,,,
350.0,,,,,
250.0,,,,,
300.0,,,,,
300.0,,,,,
200.0,,,,,
140.0,,,,,
80.0,,,,,
350.0,,,,,
190.0,,,,,
380.0,,,,,
150.0,,,,,
230.0,,,,,
260.0,,,,,
300.0,,,,,
300.0,,,,,
80.0,,,,,
120.0,,,,,
150.0,,,,,
110.0,,,,,
400.0,,,,,
100.0,,,,,
120.0,,,,,
280.0,,,,,
240.0,,,,,
410.0,,,,,
450.0,,,,,
220.0,,,,,
210.0,,,,,
220.0,,,,,
130.0,,,,,
250.0,,,,,
340.0,,,,,
350.0,,,,,
110.0,,,,,
20.0,,,,,
50.0,,,,,
160.0,,,,,
200.0,,,,,
280.0,,,,,
200.0,,,,,
180.0,,,,,
70.0,,,,,
280.0,,,,,
250.0,,,,,
290.0,,,,,
250.0,,,,,
190.0,,,,,
270.0,,,,,
300.0,,,,,
450.0,,,,,
450.0,,,,,
500.0,,,,,
450.0,,,,,
450.0,,,,,
450.0,,,,,
300.0,,,,,
170.0,,,,,
120.0,,,,,
110.0,,,,,
250.0,,,,,
160.0,,,,,
200.0,,,,,
130.0,,,,,
200.0,,,,,
130.0,,,,,
250.0,,,,,
180.0,,,,,
190.0,,,,,
90.0,,,,,
320.0,,,,,
350.0,,,,,
190.0,,,,,
130.0,,,,,
220.0,,,,,
330.0,,,,,
230.0,,,,,
190.0,,,,,
220.0,,,,,
250.0,,,,,
360.0,,,,,
120.0,,,,,
200.0,,,,,
200.0,,,,,
140.0,,,,,
150.0,,,,,
150.0,,,,,
120.0,,,,,
,,,,,
760.0,,,,,
80.0,,,,,
850.0,,,,,
120.0,,,,,
300.0,,,,,
130.0,,,,,
300.0,,,,,
210.0,,,,,
260.0,,,,,
200.0,,,,,
200.0,,,,,
300.0,,,,,
210.0,,,,,
380.0,,,,,
200.0,,,,,
140.0,,,,,
130.0,,,,,
110.0,,,,,
380.0,,,,,
220.0,,,,,
230.0,,,,,
330.0,,,,,
240.0,,,,,
80.0,,,,,
130.0,,,,,
430.0,,,,,
200.0,,,,,
110.0,,,,,
200.0,,,,,
200.0,,,,,
210.0,,,,,
170.0,,,,,
550.0,,,,,
500.0,,,,,
500.0,,,,,
200.0,,,,,
200.0,,,,,
230.0,,,,,
390.0,,,,,
120.0,,,,,
250.0,,,,,
300.0,,,,,
120.0,,,,,
240.0,,,,,
170.0,,,,,
220.0,,,,,
230.0,,,,,
180.0,,,,,
117.84,148.44,749.99,,,
140.0,,,,,
310.0,,,,,
350.0,,,,,
150.0,,,,,
400.0,,,,,
100.0,,,,,
200.0,,,,,
120.0,,,,,
150.0,,,,,
200.0,,,,,
220.0,,,,,
300.0,,,,,
400.0,,,,,
250.0,,,,,
200.0,,,,,
520.0,,,,,
220.0,,,,,
200.0,,,,,
220.0,,,,,
,,,,,
200.0,,,,,
160.0,,,,,
410.0,,,,,
110.0,,,,,
133.0,130.0,98.49,,199.0,
,88.0,80.0,,,
270.0,,,,,
290.0,,,,,
90.0,,,,,
380.0,,,,,
400.0,,,,,
240.0,,,,,
260.0,,,,,
200.0,,,,,
380.0,,,,,
660.0,,,,,
178.99,169.99,135.0,,,
159.43,170.0,280.0,,,
120.0,,,,,
210.0,,,,,
260.0,,,,,
600.0,,,,,
80.0,,,,,
130.0,,,,,
269.99,121.77,123.0,,249.99,
180.0,,,,,
80.0,,,,,
260.0,,,,,
590.0,,,,,
1100.0,,,,,
300.0,,,,,
290.0,,,,,
700.0,,,,,
260.0,,,,,
600.0,,,,,
1750.0,,,,,
391.73,278.0,318.0,43999.0,,
1400.0,,,,,
110.0,,,,,
200.0,,,,,
380.0,,,,,
400.0,,,,,
550.0,,,,,
800.0,,,,,
129.38,159.07,124.99,,,
770.0,,,,,
880.0,,,,,
112.89,59.87,78.49,,,
690.0,,,,,
272.65,191.06,339.0,,582.94,
222.07,197.82,187.0,,,
349.0,169.79,184.99,,699.97,
310.0,,,,,
160.0,,,,,
290.0,,,,,
190.0,,,,,
397.99,196.0,379.0,,,
240.0,,,,,
354.99,231.74,236.52,,,
380.0,,,,,
179.0,,139.99,,,
500.0,,,,,
179.0,106.83,119.95,,,
110.99,,173.0,,,
,151.08,119.0,,,
220.0,,,,,
,76.21,,,,
,,,,,
110.0,,,,,
130.0,,,,,
150.0,,,,,
300.0,,,,,
800.0,,,,,
60.0,,,,,
110.0,,,,,
900.0,,,,,
700.0,,,,,
339.04,243.95,325.0,,,
1250.0,,,,,
429.54,224.95,699.99,,,
960.0,,,,,
97.2,84.0,,,,
470.0,,,,,
230.0,,,,,
190.0,,,,,
470.0,,,,,
467.74,314.18,334.0,,,
129.99,66.43,90.0,,,
100.0,,,,,
80.0,,,,,
115.16,73.7,74.0,,,
100.0,64.57,105.0,,,
139.9,78.0,98.0,,,
270.0,,,,,
130.0,,,,,
293.0,172.57,,,,
326.0,203.07,179.95,34699.0,,
,,,,,
470.89,255.45,254.99,59999.0,340.2,
100.0,,,,,
158.55,140.83,138.0,,279.99,
266.74,139.7,229.99,,279.99,
246.84,160.24,105.0,11999.0,,
367.99,789.99,223.0,,,
130.0,,,,,
520.0,,,,,
159.95,463.29,154.99,,,
220.0,,,,,
650.0,,,,,
260.0,,,,,
220.64,,449.0,9999.0,,
109.4,235.0,79.95,,,
170.0,,,,,
170.63,192.5,119.99,,,
130.0,,,,,
160.0,,,,,
121.83,130.0,139.99,,,
122.78,,149.99,12950.0,,
94.14,,,,,
119.24,99.96,,,,
322.0,244.95,241.0,,,
,124.99,,,,
220.0,,,,,
230.0,,,,,
195.32,399.99,129.0,23600.0,,
492.22,399.95,378.75,,629.0,
240.0,,,,,
185.0,79.0,114.99,,,
,,217.0,17999.0,,
115.96,68.49,79.49,6799.0,,
440.0,274.0,214.99,,,
,147.99,189.99,16490.0,349.0,
421.86,360.99,319.95,,,
108.99,87.0,78.95,9497.0,,
189.64,,239.98,,,
,,374.92,12999.0,,
520.0,,,,,
,,,13900.0,,
295.37,134.09,179.0,,,
235.24,299.99,219.95,,,
400.0,,,,,
,599.0,,29499.0,,
251.08,,321.45,18999.0,,
,,,7979.0,,
129.59,,129.99,,,
,,,9999.0,,
,,,9999.0,,
170.26,,167.19,,,
404.48,307.99,349.99,,,
190.99,100.0,145.0,,,
162.08,143.99,,,,
391.0,235.0,232.0,,438.93,
,69.5,,,,
789.96,629.77,499.0,84999.0,919.0,
830.0,,,,,
172.08,59.99,,,,
250.0,,,,,
121.7,119.99,77.0,,,
105.33,83.0,75.99,7499.0,,
,,,7699.0,,
,,,6999.0,,
90.0,129.99,89.0,,,
496.0,354.9,314.49,37999.0,587.99,
139.0,59.95,92.0,14479.0,,
799.99,469.66,422.0,73999.0,,
190.0,,,,,
218.95,245.0,159.0,19490.0,,
,,,8345.0,,
,,,13349.0,,
90.0,,,,,
420.0,,,,,
749.0,635.5,639.95,75999.0,998.98,
310.0,,,,,
150.0,,,,,
410.0,,,,,
110.0,,,,,
200.0,,,,,
200.0,,,,,
200.0,,,,,
285.0,178.0,177.85,24290.0,,
190.0,,,,,
370.0,,,,,
290.0,,,,,
300.0,,,,,
400.0,,,,,
500.0,,,,,
340.0,,,,,
350.0,,,,,
300.0,,,,,
270.0,,,,,
330.0,,,,,
350.0,,,,,
100.0,,,,,
200.0,,,,,
440.0,,,,,
250.0,,,,,
420.0,,,,,
250.0,,,,,
850.0,,,,,
230.0,,,,,
400.0,,,,,
180.0,,,,,
690.0,,,,,
140.0,,,,,
320.0,,,,,
420.0,,,,,
300.0,,,,,
270.0,,,,,
240.0,,,,,
450.0,,,,,
650.0,,,,,
1450.0,,,,,
390.0,,,,,
1500.0,,,,,
730.0,,,,,
480.0,,,,,
700.0,,,,,
700.0,,,,,
210.0,,,,,
340.0,,,,,
1450.0,,,,,
430.0,,,,,
350.0,,,,,
900.0,,,,,
700.0,,,,,
880.0,,,,,
450.0,,,,,
198.01,160.0,135.0,,,
248.68,219.28,154.0,,341.1,
1100.0,,,,,
213.85,162.9,,,259.99,
550.0,,,,,
186.0,172.65,147.25,,295.0,
450.0,,,,,
750.0,,,,,
850.0,,,,,
350.0,,,,,
1000.0,,,,,
800.0,,,,,
245.0,208.0,190.0,54900.0,,
810.0,,,,,
281.0,249.0,208.29,,,
361.69,285.0,254.0,,,
190.0,,,,,
146.0,99.64,94.0,,180.0,
,,,23858.0,,
,187.49,,,,
1000.0,,,,,
750.0,,,,,
1200.0,,,,,
222.0,208.94,,,,
215.4,,299.0,,,
899.94,880.0,679.0,140249.0,,
482.93,414.99,419.99,57699.0,,
,89.99,81.02,10999.0,,
,,,16240.0,,
110.24,99.99,94.4,,149.99,
,349.99,,,,
,,,,,
734.59,,,,,
180.0,,,,,
409.99,269.99,329.95,31490.0,,
480.0,,,,,
169.87,132.0,149.1,14798.0,,
188.71,159.95,144.99,,,
619.0,469.98,514.99,55900.0,775.0,
299.92,679.0,349.0,,,
136.08,128.99,121.99,,184.67,
1019.0,729.95,769.97,106779.0,,
799.66,569.95,728.95,,997.93,
,,,8215.0,,
400.0,,,,,
245.92,248.87,172.0,22615.0,,
,,,12490.0,,
319.0,299.99,254.0,33400.0,416.0,
,,,,,
326.98,,284.53,,,
,,,18799.0,,
240.12,,,,,
231.0,,,14999.0,,
150.0,,,,,
496.99,649.99,,,,
675.01,1099.99,725.0,,976.99,
148.49,,134.99,,,
220.0,,,,,
,,,8120.0,,
1179.9,1899.99,1399.99,137999.0,,
90.0,,,,,
,115.97,,9998.0,,
1000.0,,,,,
250.0,,,,,
,,,6499.0,,
1200.0,,,,,
640.0,,,,,
870.0,,,,,
749.0,649.99,649.0,59799.0,919.99,
500.0,,,,,
1200.0,,,,,
301.0,249.99,244.0,,393.1,
424.0,357.55,323.84,,534.99,
830.0,,,,,
485.92,410.33,379.97,,,
313.0,702.62,,,,
550.0,,,,,
229.0,208.0,,,,499.0
430.0,,,,,
395.5,342.0,295.0,,,
564.81,495.98,424.45,,680.39,
431.9,318.8,348.0,42999.0,544.0,
550.0,,,,,
655.0,538.95,494.0,,764.99,
172.0,126.49,178.0,,,
274.5,274.97,,,,
349.0,,,,,
633.13,430.0,,,,
430.0,,,,,
592.59,447.5,449.58,59900.0,,
630.59,427.99,390.0,69900.0,,
1050.0,,,,,
710.22,603.41,549.43,129900.0,,
1450.0,,,,,
778.09,668.95,624.97,,999.22,
204.18,,,,,
339.68,,,,,
867.0,149.99,,,879.59,
688.49,525.98,571.5,67900.0,,
933.97,718.0,,,,
999.77,788.95,867.0,130900.0,,
700.0,,,,,
1200.0,,,,,
753.73,629.99,635.96,76900.0,,
1550.0,,,,,
950.0,,,,,
441.0,399.0,,,,
849.0,749.0,,,,
895.59,787.49,719.0,109900.0,,
1048.0,975.0,1059.0,,,
949.0,829.99,799.0,79900.0,,
1099.0,929.99,899.0,89900.0,,
1256.99,999.99,1099.0,,,
1449.0,1199.99,,144900.0,,
